id	output
{"blockNumber":17232367,"chainId":100,"contractAddress":"0x9C1dA9A04925bDfDedf0f6421bC7EEa8305F9002","disputeID":"1"}	{"appealPeriodEnd": "1627337795", "appealPeriodStart": "1627143395"}
{"blockNumber":17337315,"chainId":100,"contractAddress":"0x9C1dA9A04925bDfDedf0f6421bC7EEa8305F9002","disputeID":"3"}	{"appealPeriodEnd": "1627869105", "appealPeriodStart": "1627674705"}
{"blockNumber":17338207,"chainId":100,"contractAddress":"0x9C1dA9A04925bDfDedf0f6421bC7EEa8305F9002","disputeID":"2"}	{"appealPeriodEnd": "1627873620", "appealPeriodStart": "1627679220"}
{"blockNumber":17382989,"chainId":100,"contractAddress":"0x9C1dA9A04925bDfDedf0f6421bC7EEa8305F9002","disputeID":"2"}	{"appealPeriodEnd": "1628108100", "appealPeriodStart": "1627913700"}
{"blockNumber":20186333,"chainId":100,"contractAddress":"0x9C1dA9A04925bDfDedf0f6421bC7EEa8305F9002","disputeID":"5"}	{"appealPeriodEnd": "1642780450", "appealPeriodStart": "1642586050"}
{"blockNumber":20463903,"chainId":100,"contractAddress":"0x9C1dA9A04925bDfDedf0f6421bC7EEa8305F9002","disputeID":"6"}	{"appealPeriodEnd": "1644169785", "appealPeriodStart": "1643975385"}
{"blockNumber":20515046,"chainId":100,"contractAddress":"0x9C1dA9A04925bDfDedf0f6421bC7EEa8305F9002","disputeID":"7"}	{"appealPeriodEnd": "1644432690", "appealPeriodStart": "1644238290"}
{"blockNumber":20515046,"chainId":100,"contractAddress":"0x9C1dA9A04925bDfDedf0f6421bC7EEa8305F9002","disputeID":"8"}	{"appealPeriodEnd": "1644432690", "appealPeriodStart": "1644238290"}
{"blockNumber":20640234,"chainId":100,"contractAddress":"0x9C1dA9A04925bDfDedf0f6421bC7EEa8305F9002","disputeID":"9"}	{"appealPeriodEnd": "1645062870", "appealPeriodStart": "1644868470"}
{"blockNumber":20667416,"chainId":100,"contractAddress":"0x9C1dA9A04925bDfDedf0f6421bC7EEa8305F9002","disputeID":"10"}	{"appealPeriodEnd": "1645200755", "appealPeriodStart": "1645006355"}
{"blockNumber":20667531,"chainId":100,"contractAddress":"0x9C1dA9A04925bDfDedf0f6421bC7EEa8305F9002","disputeID":"12"}	{"appealPeriodEnd": "1645201355", "appealPeriodStart": "1645006955"}
{"blockNumber":20678901,"chainId":100,"contractAddress":"0x9C1dA9A04925bDfDedf0f6421bC7EEa8305F9002","disputeID":"13"}	{"appealPeriodEnd": "1645259570", "appealPeriodStart": "1645065170"}
{"blockNumber":20693502,"chainId":100,"contractAddress":"0x9C1dA9A04925bDfDedf0f6421bC7EEa8305F9002","disputeID":"11"}	{"appealPeriodEnd": "1645335015", "appealPeriodStart": "1645140615"}
{"blockNumber":20783707,"chainId":100,"contractAddress":"0x9C1dA9A04925bDfDedf0f6421bC7EEa8305F9002","disputeID":"14"}	{"appealPeriodEnd": "1645803770", "appealPeriodStart": "1645609370"}
{"blockNumber":20805071,"chainId":100,"contractAddress":"0x9C1dA9A04925bDfDedf0f6421bC7EEa8305F9002","disputeID":"15"}	{"appealPeriodEnd": "1645915055", "appealPeriodStart": "1645720655"}
{"blockNumber":21835011,"chainId":100,"contractAddress":"0x9C1dA9A04925bDfDedf0f6421bC7EEa8305F9002","disputeID":"16"}	{"appealPeriodEnd": "1651356365", "appealPeriodStart": "1650967565"}
{"blockNumber":21889165,"chainId":100,"contractAddress":"0x9C1dA9A04925bDfDedf0f6421bC7EEa8305F9002","disputeID":"17"}	{"appealPeriodEnd": "1651644780", "appealPeriodStart": "1651255980"}
{"blockNumber":22062084,"chainId":100,"contractAddress":"0x9C1dA9A04925bDfDedf0f6421bC7EEa8305F9002","disputeID":"22"}	{"appealPeriodEnd": "1652521570", "appealPeriodStart": "1652132770"}
{"blockNumber":22139768,"chainId":100,"contractAddress":"0x9C1dA9A04925bDfDedf0f6421bC7EEa8305F9002","disputeID":"26"}	{"appealPeriodEnd": "1652914380", "appealPeriodStart": "1652525580"}
{"blockNumber":22139828,"chainId":100,"contractAddress":"0x9C1dA9A04925bDfDedf0f6421bC7EEa8305F9002","disputeID":"25"}	{"appealPeriodEnd": "1652914680", "appealPeriodStart": "1652525880"}
{"blockNumber":22140009,"chainId":100,"contractAddress":"0x9C1dA9A04925bDfDedf0f6421bC7EEa8305F9002","disputeID":"18"}	{"appealPeriodEnd": "1652915585", "appealPeriodStart": "1652526785"}
{"blockNumber":22181002,"chainId":100,"contractAddress":"0x9C1dA9A04925bDfDedf0f6421bC7EEa8305F9002","disputeID":"28"}	{"appealPeriodEnd": "1652927615", "appealPeriodStart": "1652733215"}
{"blockNumber":22209275,"chainId":100,"contractAddress":"0x9C1dA9A04925bDfDedf0f6421bC7EEa8305F9002","disputeID":"27"}	{"appealPeriodEnd": "1653265995", "appealPeriodStart": "1652877195"}
{"blockNumber":22220187,"chainId":100,"contractAddress":"0x9C1dA9A04925bDfDedf0f6421bC7EEa8305F9002","disputeID":"19"}	{"appealPeriodEnd": "1653321935", "appealPeriodStart": "1652933135"}
{"blockNumber":22254769,"chainId":100,"contractAddress":"0x9C1dA9A04925bDfDedf0f6421bC7EEa8305F9002","disputeID":"20"}	{"appealPeriodEnd": "1653497545", "appealPeriodStart": "1653108745"}
{"blockNumber":22254827,"chainId":100,"contractAddress":"0x9C1dA9A04925bDfDedf0f6421bC7EEa8305F9002","disputeID":"21"}	{"appealPeriodEnd": "1653497850", "appealPeriodStart": "1653109050"}
{"blockNumber":22256353,"chainId":100,"contractAddress":"0x9C1dA9A04925bDfDedf0f6421bC7EEa8305F9002","disputeID":"23"}	{"appealPeriodEnd": "1653505705", "appealPeriodStart": "1653116905"}
{"blockNumber":22256470,"chainId":100,"contractAddress":"0x9C1dA9A04925bDfDedf0f6421bC7EEa8305F9002","disputeID":"24"}	{"appealPeriodEnd": "1653506305", "appealPeriodStart": "1653117505"}
{"blockNumber":22276896,"chainId":100,"contractAddress":"0x9C1dA9A04925bDfDedf0f6421bC7EEa8305F9002","disputeID":"31"}	{"appealPeriodEnd": "1653416930", "appealPeriodStart": "1653222530"}
{"blockNumber":22314088,"chainId":100,"contractAddress":"0x9C1dA9A04925bDfDedf0f6421bC7EEa8305F9002","disputeID":"33"}	{"appealPeriodEnd": "1653608380", "appealPeriodStart": "1653413980"}
{"blockNumber":22328418,"chainId":100,"contractAddress":"0x9C1dA9A04925bDfDedf0f6421bC7EEa8305F9002","disputeID":"32"}	{"appealPeriodEnd": "1653683265", "appealPeriodStart": "1653488865"}
{"blockNumber":22382824,"chainId":100,"contractAddress":"0x9C1dA9A04925bDfDedf0f6421bC7EEa8305F9002","disputeID":"33"}	{"appealPeriodEnd": "1653972740", "appealPeriodStart": "1653778340"}
{"blockNumber":22506784,"chainId":100,"contractAddress":"0x9C1dA9A04925bDfDedf0f6421bC7EEa8305F9002","disputeID":"29"}	{"appealPeriodEnd": "1654835430", "appealPeriodStart": "1654446630"}
{"blockNumber":22514790,"chainId":100,"contractAddress":"0x9C1dA9A04925bDfDedf0f6421bC7EEa8305F9002","disputeID":"30"}	{"appealPeriodEnd": "1654880875", "appealPeriodStart": "1654492075"}
{"blockNumber":22999223,"chainId":100,"contractAddress":"0x9C1dA9A04925bDfDedf0f6421bC7EEa8305F9002","disputeID":"34"}	{"appealPeriodEnd": "1657356910", "appealPeriodStart": "1656968110"}
{"blockNumber":23065295,"chainId":100,"contractAddress":"0x9C1dA9A04925bDfDedf0f6421bC7EEa8305F9002","disputeID":"37"}	{"appealPeriodEnd": "1657692320", "appealPeriodStart": "1657303520"}
{"blockNumber":23065352,"chainId":100,"contractAddress":"0x9C1dA9A04925bDfDedf0f6421bC7EEa8305F9002","disputeID":"35"}	{"appealPeriodEnd": "1657692625", "appealPeriodStart": "1657303825"}
{"blockNumber":23095348,"chainId":100,"contractAddress":"0x9C1dA9A04925bDfDedf0f6421bC7EEa8305F9002","disputeID":"38"}	{"appealPeriodEnd": "1657844855", "appealPeriodStart": "1657456055"}
{"blockNumber":23095348,"chainId":100,"contractAddress":"0x9C1dA9A04925bDfDedf0f6421bC7EEa8305F9002","disputeID":"41"}	{"appealPeriodEnd": "1657650455", "appealPeriodStart": "1657456055"}
{"blockNumber":23126600,"chainId":100,"contractAddress":"0x9C1dA9A04925bDfDedf0f6421bC7EEa8305F9002","disputeID":"42"}	{"appealPeriodEnd": "1657808565", "appealPeriodStart": "1657614165"}
{"blockNumber":23179398,"chainId":100,"contractAddress":"0x9C1dA9A04925bDfDedf0f6421bC7EEa8305F9002","disputeID":"36"}	{"appealPeriodEnd": "1658267510", "appealPeriodStart": "1657878710"}
{"blockNumber":23289717,"chainId":100,"contractAddress":"0x9C1dA9A04925bDfDedf0f6421bC7EEa8305F9002","disputeID":"39"}	{"appealPeriodEnd": "1658830000", "appealPeriodStart": "1658441200"}
{"blockNumber":23290014,"chainId":100,"contractAddress":"0x9C1dA9A04925bDfDedf0f6421bC7EEa8305F9002","disputeID":"40"}	{"appealPeriodEnd": "1658831510", "appealPeriodStart": "1658442710"}
{"blockNumber":23332449,"chainId":100,"contractAddress":"0x9C1dA9A04925bDfDedf0f6421bC7EEa8305F9002","disputeID":"45"}	{"appealPeriodEnd": "1658856070", "appealPeriodStart": "1658661670"}
{"blockNumber":23343927,"chainId":100,"contractAddress":"0x9C1dA9A04925bDfDedf0f6421bC7EEa8305F9002","disputeID":"43"}	{"appealPeriodEnd": "1659110005", "appealPeriodStart": "1658721205"}
{"blockNumber":23401723,"chainId":100,"contractAddress":"0x9C1dA9A04925bDfDedf0f6421bC7EEa8305F9002","disputeID":"47"}	{"appealPeriodEnd": "1659205080", "appealPeriodStart": "1659010680"}
{"blockNumber":23451188,"chainId":100,"contractAddress":"0x9C1dA9A04925bDfDedf0f6421bC7EEa8305F9002","disputeID":"44"}	{"appealPeriodEnd": "1659649240", "appealPeriodStart": "1659260440"}
{"blockNumber":23819366,"chainId":100,"contractAddress":"0x9C1dA9A04925bDfDedf0f6421bC7EEa8305F9002","disputeID":"48"}	{"appealPeriodEnd": "1661314885", "appealPeriodStart": "1661120485"}
{"blockNumber":24331115,"chainId":100,"contractAddress":"0x9C1dA9A04925bDfDedf0f6421bC7EEa8305F9002","disputeID":"49"}	{"appealPeriodEnd": "1664279795", "appealPeriodStart": "1664085395"}
{"blockNumber":24331164,"chainId":100,"contractAddress":"0x9C1dA9A04925bDfDedf0f6421bC7EEa8305F9002","disputeID":"50"}	{"appealPeriodEnd": "1664280100", "appealPeriodStart": "1664085700"}
{"blockNumber":24974489,"chainId":100,"contractAddress":"0x9C1dA9A04925bDfDedf0f6421bC7EEa8305F9002","disputeID":"52"}	{"appealPeriodEnd": "1668799340", "appealPeriodStart": "1668410540"}
{"blockNumber":24979939,"chainId":100,"contractAddress":"0x9C1dA9A04925bDfDedf0f6421bC7EEa8305F9002","disputeID":"53"}	{"appealPeriodEnd": "1668831410", "appealPeriodStart": "1668442610"}
{"blockNumber":25646471,"chainId":100,"contractAddress":"0x9C1dA9A04925bDfDedf0f6421bC7EEa8305F9002","disputeID":"59"}	{"appealPeriodEnd": "1672262250", "appealPeriodStart": "1672067850"}
{"blockNumber":10286545,"chainId":1,"contractAddress":"0x988b3A538b618C7A603e1c11Ab82Cd16dbE28069","disputeID":"211"}	{"appealPeriodEnd": "1592743944", "appealPeriodStart": "1592441544"}
{"blockNumber":10324742,"chainId":1,"contractAddress":"0x988b3A538b618C7A603e1c11Ab82Cd16dbE28069","disputeID":"213"}	{"appealPeriodEnd": "1593340316", "appealPeriodStart": "1592951516"}
{"blockNumber":10363091,"chainId":1,"contractAddress":"0x988b3A538b618C7A603e1c11Ab82Cd16dbE28069","disputeID":"214"}	{"appealPeriodEnd": "1593854809", "appealPeriodStart": "1593466009"}
{"blockNumber":10373193,"chainId":1,"contractAddress":"0x988b3A538b618C7A603e1c11Ab82Cd16dbE28069","disputeID":"231"}	{"appealPeriodEnd": "1593904572", "appealPeriodStart": "1593602172"}
{"blockNumber":10374236,"chainId":1,"contractAddress":"0x988b3A538b618C7A603e1c11Ab82Cd16dbE28069","disputeID":"233"}	{"appealPeriodEnd": "1593918361", "appealPeriodStart": "1593615961"}
{"blockNumber":10386428,"chainId":1,"contractAddress":"0x988b3A538b618C7A603e1c11Ab82Cd16dbE28069","disputeID":"225"}	{"appealPeriodEnd": "1594168083", "appealPeriodStart": "1593779283"}
{"blockNumber":10373646,"chainId":1,"contractAddress":"0x988b3A538b618C7A603e1c11Ab82Cd16dbE28069","disputeID":"213"}	{"appealPeriodEnd": "1593997059", "appealPeriodStart": "1593608259"}
{"blockNumber":10386428,"chainId":1,"contractAddress":"0x988b3A538b618C7A603e1c11Ab82Cd16dbE28069","disputeID":"224"}	{"appealPeriodEnd": "1594168083", "appealPeriodStart": "1593779283"}
{"blockNumber":10370220,"chainId":1,"contractAddress":"0x988b3A538b618C7A603e1c11Ab82Cd16dbE28069","disputeID":"217"}	{"appealPeriodEnd": "1593949590", "appealPeriodStart": "1593560790"}
{"blockNumber":10370267,"chainId":1,"contractAddress":"0x988b3A538b618C7A603e1c11Ab82Cd16dbE28069","disputeID":"218"}	{"appealPeriodEnd": "1593950262", "appealPeriodStart": "1593561462"}
{"blockNumber":10370574,"chainId":1,"contractAddress":"0x988b3A538b618C7A603e1c11Ab82Cd16dbE28069","disputeID":"227"}	{"appealPeriodEnd": "1593867984", "appealPeriodStart": "1593565584"}
{"blockNumber":10372608,"chainId":1,"contractAddress":"0x988b3A538b618C7A603e1c11Ab82Cd16dbE28069","disputeID":"216"}	{"appealPeriodEnd": "1593983215", "appealPeriodStart": "1593594415"}
{"blockNumber":10415084,"chainId":1,"contractAddress":"0x988b3A538b618C7A603e1c11Ab82Cd16dbE28069","disputeID":"237"}	{"appealPeriodEnd": "1594463775", "appealPeriodStart": "1594161375"}
{"blockNumber":10414816,"chainId":1,"contractAddress":"0x988b3A538b618C7A603e1c11Ab82Cd16dbE28069","disputeID":"235"}	{"appealPeriodEnd": "1594546576", "appealPeriodStart": "1594157776"}
{"blockNumber":10429263,"chainId":1,"contractAddress":"0x988b3A538b618C7A603e1c11Ab82Cd16dbE28069","disputeID":"238"}	{"appealPeriodEnd": "1594653185", "appealPeriodStart": "1594350785"}
{"blockNumber":10434794,"chainId":1,"contractAddress":"0x988b3A538b618C7A603e1c11Ab82Cd16dbE28069","disputeID":"244"}	{"appealPeriodEnd": "1594727804", "appealPeriodStart": "1594425404"}
{"blockNumber":10434224,"chainId":1,"contractAddress":"0x988b3A538b618C7A603e1c11Ab82Cd16dbE28069","disputeID":"245"}	{"appealPeriodEnd": "1594720293", "appealPeriodStart": "1594417893"}
{"blockNumber":10446503,"chainId":1,"contractAddress":"0x988b3A538b618C7A603e1c11Ab82Cd16dbE28069","disputeID":"246"}	{"appealPeriodEnd": "1594882625", "appealPeriodStart": "1594580225"}
{"blockNumber":10445736,"chainId":1,"contractAddress":"0x988b3A538b618C7A603e1c11Ab82Cd16dbE28069","disputeID":"242"}	{"appealPeriodEnd": "1594872685", "appealPeriodStart": "1594570285"}
{"blockNumber":10447165,"chainId":1,"contractAddress":"0x988b3A538b618C7A603e1c11Ab82Cd16dbE28069","disputeID":"243"}	{"appealPeriodEnd": "1594891932", "appealPeriodStart": "1594589532"}
{"blockNumber":10458327,"chainId":1,"contractAddress":"0x988b3A538b618C7A603e1c11Ab82Cd16dbE28069","disputeID":"251"}	{"appealPeriodEnd": "1595127197", "appealPeriodStart": "1594738397"}
{"blockNumber":10467427,"chainId":1,"contractAddress":"0x988b3A538b618C7A603e1c11Ab82Cd16dbE28069","disputeID":"255"}	{"appealPeriodEnd": "1595163159", "appealPeriodStart": "1594860759"}
{"blockNumber":10474600,"chainId":1,"contractAddress":"0x988b3A538b618C7A603e1c11Ab82Cd16dbE28069","disputeID":"254"}	{"appealPeriodEnd": "1595260040", "appealPeriodStart": "1594957640"}
{"blockNumber":10460877,"chainId":1,"contractAddress":"0x988b3A538b618C7A603e1c11Ab82Cd16dbE28069","disputeID":"247"}	{"appealPeriodEnd": "1595075532", "appealPeriodStart": "1594773132"}
{"blockNumber":10467461,"chainId":1,"contractAddress":"0x988b3A538b618C7A603e1c11Ab82Cd16dbE28069","disputeID":"256"}	{"appealPeriodEnd": "1595163531", "appealPeriodStart": "1594861131"}
{"blockNumber":10476235,"chainId":1,"contractAddress":"0x988b3A538b618C7A603e1c11Ab82Cd16dbE28069","disputeID":"286"}	{"appealPeriodEnd": "1595281972", "appealPeriodStart": "1594979572"}
{"blockNumber":10485650,"chainId":1,"contractAddress":"0x988b3A538b618C7A603e1c11Ab82Cd16dbE28069","disputeID":"285"}	{"appealPeriodEnd": "1595493242", "appealPeriodStart": "1595104442"}
{"blockNumber":10485994,"chainId":1,"contractAddress":"0x988b3A538b618C7A603e1c11Ab82Cd16dbE28069","disputeID":"298"}	{"appealPeriodEnd": "1595498094", "appealPeriodStart": "1595109294"}
{"blockNumber":10486534,"chainId":1,"contractAddress":"0x988b3A538b618C7A603e1c11Ab82Cd16dbE28069","disputeID":"253"}	{"appealPeriodEnd": "1595504868", "appealPeriodStart": "1595116068"}
{"blockNumber":10486534,"chainId":1,"contractAddress":"0x988b3A538b618C7A603e1c11Ab82Cd16dbE28069","disputeID":"267"}	{"appealPeriodEnd": "1595504868", "appealPeriodStart": "1595116068"}
{"blockNumber":10486555,"chainId":1,"contractAddress":"0x988b3A538b618C7A603e1c11Ab82Cd16dbE28069","disputeID":"272"}	{"appealPeriodEnd": "1595505137", "appealPeriodStart": "1595116337"}
{"blockNumber":10486631,"chainId":1,"contractAddress":"0x988b3A538b618C7A603e1c11Ab82Cd16dbE28069","disputeID":"276"}	{"appealPeriodEnd": "1595506165", "appealPeriodStart": "1595117365"}
{"blockNumber":10486631,"chainId":1,"contractAddress":"0x988b3A538b618C7A603e1c11Ab82Cd16dbE28069","disputeID":"279"}	{"appealPeriodEnd": "1595506165", "appealPeriodStart": "1595117365"}
{"blockNumber":10486631,"chainId":1,"contractAddress":"0x988b3A538b618C7A603e1c11Ab82Cd16dbE28069","disputeID":"293"}	{"appealPeriodEnd": "1595506165", "appealPeriodStart": "1595117365"}
{"blockNumber":10480696,"chainId":1,"contractAddress":"0x988b3A538b618C7A603e1c11Ab82Cd16dbE28069","disputeID":"262"}	{"appealPeriodEnd": "1595427602", "appealPeriodStart": "1595038802"}
{"blockNumber":10485735,"chainId":1,"contractAddress":"0x988b3A538b618C7A603e1c11Ab82Cd16dbE28069","disputeID":"261"}	{"appealPeriodEnd": "1595494533", "appealPeriodStart": "1595105733"}
{"blockNumber":10486489,"chainId":1,"contractAddress":"0x988b3A538b618C7A603e1c11Ab82Cd16dbE28069","disputeID":"248"}	{"appealPeriodEnd": "1595504247", "appealPeriodStart": "1595115447"}
{"blockNumber":10486534,"chainId":1,"contractAddress":"0x988b3A538b618C7A603e1c11Ab82Cd16dbE28069","disputeID":"260"}	{"appealPeriodEnd": "1595504868", "appealPeriodStart": "1595116068"}
{"blockNumber":10486555,"chainId":1,"contractAddress":"0x988b3A538b618C7A603e1c11Ab82Cd16dbE28069","disputeID":"270"}	{"appealPeriodEnd": "1595505137", "appealPeriodStart": "1595116337"}
{"blockNumber":10486555,"chainId":1,"contractAddress":"0x988b3A538b618C7A603e1c11Ab82Cd16dbE28069","disputeID":"274"}	{"appealPeriodEnd": "1595505137", "appealPeriodStart": "1595116337"}
{"blockNumber":10486631,"chainId":1,"contractAddress":"0x988b3A538b618C7A603e1c11Ab82Cd16dbE28069","disputeID":"278"}	{"appealPeriodEnd": "1595506165", "appealPeriodStart": "1595117365"}
{"blockNumber":10486631,"chainId":1,"contractAddress":"0x988b3A538b618C7A603e1c11Ab82Cd16dbE28069","disputeID":"281"}	{"appealPeriodEnd": "1595506165", "appealPeriodStart": "1595117365"}
{"blockNumber":10486715,"chainId":1,"contractAddress":"0x988b3A538b618C7A603e1c11Ab82Cd16dbE28069","disputeID":"290"}	{"appealPeriodEnd": "1595507244", "appealPeriodStart": "1595118444"}
{"blockNumber":10489451,"chainId":1,"contractAddress":"0x988b3A538b618C7A603e1c11Ab82Cd16dbE28069","disputeID":"289"}	{"appealPeriodEnd": "1595457738", "appealPeriodStart": "1595155338"}
{"blockNumber":10491573,"chainId":1,"contractAddress":"0x988b3A538b618C7A603e1c11Ab82Cd16dbE28069","disputeID":"264"}	{"appealPeriodEnd": "1595572645", "appealPeriodStart": "1595183845"}
{"blockNumber":10491573,"chainId":1,"contractAddress":"0x988b3A538b618C7A603e1c11Ab82Cd16dbE28069","disputeID":"283"}	{"appealPeriodEnd": "1595572645", "appealPeriodStart": "1595183845"}
{"blockNumber":10491602,"chainId":1,"contractAddress":"0x988b3A538b618C7A603e1c11Ab82Cd16dbE28069","disputeID":"295"}	{"appealPeriodEnd": "1595572998", "appealPeriodStart": "1595184198"}
{"blockNumber":10491624,"chainId":1,"contractAddress":"0x988b3A538b618C7A603e1c11Ab82Cd16dbE28069","disputeID":"277"}	{"appealPeriodEnd": "1595573349", "appealPeriodStart": "1595184549"}
{"blockNumber":10492278,"chainId":1,"contractAddress":"0x988b3A538b618C7A603e1c11Ab82Cd16dbE28069","disputeID":"292"}	{"appealPeriodEnd": "1595581892", "appealPeriodStart": "1595193092"}
{"blockNumber":10490510,"chainId":1,"contractAddress":"0x988b3A538b618C7A603e1c11Ab82Cd16dbE28069","disputeID":"297"}	{"appealPeriodEnd": "1595471231", "appealPeriodStart": "1595168831"}
{"blockNumber":10491147,"chainId":1,"contractAddress":"0x988b3A538b618C7A603e1c11Ab82Cd16dbE28069","disputeID":"259"}	{"appealPeriodEnd": "1595566344", "appealPeriodStart": "1595177544"}
{"blockNumber":10491147,"chainId":1,"contractAddress":"0x988b3A538b618C7A603e1c11Ab82Cd16dbE28069","disputeID":"269"}	{"appealPeriodEnd": "1595566344", "appealPeriodStart": "1595177544"}
{"blockNumber":10491147,"chainId":1,"contractAddress":"0x988b3A538b618C7A603e1c11Ab82Cd16dbE28069","disputeID":"257"}	{"appealPeriodEnd": "1595566344", "appealPeriodStart": "1595177544"}
{"blockNumber":10491147,"chainId":1,"contractAddress":"0x988b3A538b618C7A603e1c11Ab82Cd16dbE28069","disputeID":"266"}	{"appealPeriodEnd": "1595566344", "appealPeriodStart": "1595177544"}
{"blockNumber":10491170,"chainId":1,"contractAddress":"0x988b3A538b618C7A603e1c11Ab82Cd16dbE28069","disputeID":"288"}	{"appealPeriodEnd": "1595566710", "appealPeriodStart": "1595177910"}
{"blockNumber":10491573,"chainId":1,"contractAddress":"0x988b3A538b618C7A603e1c11Ab82Cd16dbE28069","disputeID":"275"}	{"appealPeriodEnd": "1595572645", "appealPeriodStart": "1595183845"}
{"blockNumber":10491602,"chainId":1,"contractAddress":"0x988b3A538b618C7A603e1c11Ab82Cd16dbE28069","disputeID":"287"}	{"appealPeriodEnd": "1595572998", "appealPeriodStart": "1595184198"}
{"blockNumber":10491602,"chainId":1,"contractAddress":"0x988b3A538b618C7A603e1c11Ab82Cd16dbE28069","disputeID":"296"}	{"appealPeriodEnd": "1595572998", "appealPeriodStart": "1595184198"}
{"blockNumber":10492082,"chainId":1,"contractAddress":"0x988b3A538b618C7A603e1c11Ab82Cd16dbE28069","disputeID":"282"}	{"appealPeriodEnd": "1595579288", "appealPeriodStart": "1595190488"}
{"blockNumber":10494206,"chainId":1,"contractAddress":"0x988b3A538b618C7A603e1c11Ab82Cd16dbE28069","disputeID":"249"}	{"appealPeriodEnd": "1595607390", "appealPeriodStart": "1595218590"}
{"blockNumber":10493869,"chainId":1,"contractAddress":"0x988b3A538b618C7A603e1c11Ab82Cd16dbE28069","disputeID":"271"}	{"appealPeriodEnd": "1595602920", "appealPeriodStart": "1595214120"}
{"blockNumber":10494380,"chainId":1,"contractAddress":"0x988b3A538b618C7A603e1c11Ab82Cd16dbE28069","disputeID":"291"}	{"appealPeriodEnd": "1595609873", "appealPeriodStart": "1595221073"}
{"blockNumber":10497576,"chainId":1,"contractAddress":"0x988b3A538b618C7A603e1c11Ab82Cd16dbE28069","disputeID":"273"}	{"appealPeriodEnd": "1595653420", "appealPeriodStart": "1595264620"}
{"blockNumber":10497662,"chainId":1,"contractAddress":"0x988b3A538b618C7A603e1c11Ab82Cd16dbE28069","disputeID":"258"}	{"appealPeriodEnd": "1595654532", "appealPeriodStart": "1595265732"}
{"blockNumber":10498519,"chainId":1,"contractAddress":"0x988b3A538b618C7A603e1c11Ab82Cd16dbE28069","disputeID":"280"}	{"appealPeriodEnd": "1595665770", "appealPeriodStart": "1595276970"}
{"blockNumber":10499586,"chainId":1,"contractAddress":"0x988b3A538b618C7A603e1c11Ab82Cd16dbE28069","disputeID":"250"}	{"appealPeriodEnd": "1595679708", "appealPeriodStart": "1595290908"}
{"blockNumber":10497643,"chainId":1,"contractAddress":"0x988b3A538b618C7A603e1c11Ab82Cd16dbE28069","disputeID":"263"}	{"appealPeriodEnd": "1595654242", "appealPeriodStart": "1595265442"}
{"blockNumber":10498448,"chainId":1,"contractAddress":"0x988b3A538b618C7A603e1c11Ab82Cd16dbE28069","disputeID":"265"}	{"appealPeriodEnd": "1595664718", "appealPeriodStart": "1595275918"}
{"blockNumber":10498547,"chainId":1,"contractAddress":"0x988b3A538b618C7A603e1c11Ab82Cd16dbE28069","disputeID":"268"}	{"appealPeriodEnd": "1595666232", "appealPeriodStart": "1595277432"}
{"blockNumber":10501672,"chainId":1,"contractAddress":"0x988b3A538b618C7A603e1c11Ab82Cd16dbE28069","disputeID":"284"}	{"appealPeriodEnd": "1595708801", "appealPeriodStart": "1595320001"}
{"blockNumber":10503369,"chainId":1,"contractAddress":"0x988b3A538b618C7A603e1c11Ab82Cd16dbE28069","disputeID":"252"}	{"appealPeriodEnd": "1595731983", "appealPeriodStart": "1595343183"}
{"blockNumber":10510744,"chainId":1,"contractAddress":"0x988b3A538b618C7A603e1c11Ab82Cd16dbE28069","disputeID":"281"}	{"appealPeriodEnd": "1595830293", "appealPeriodStart": "1595441493"}
{"blockNumber":10515509,"chainId":1,"contractAddress":"0x988b3A538b618C7A603e1c11Ab82Cd16dbE28069","disputeID":"272"}	{"appealPeriodEnd": "1595893845", "appealPeriodStart": "1595505045"}
{"blockNumber":10514508,"chainId":1,"contractAddress":"0x988b3A538b618C7A603e1c11Ab82Cd16dbE28069","disputeID":"262"}	{"appealPeriodEnd": "1595879827", "appealPeriodStart": "1595491027"}
{"blockNumber":10518262,"chainId":1,"contractAddress":"0x988b3A538b618C7A603e1c11Ab82Cd16dbE28069","disputeID":"294"}	{"appealPeriodEnd": "1595930257", "appealPeriodStart": "1595541457"}
{"blockNumber":10518327,"chainId":1,"contractAddress":"0x988b3A538b618C7A603e1c11Ab82Cd16dbE28069","disputeID":"279"}	{"appealPeriodEnd": "1595931227", "appealPeriodStart": "1595542427"}
{"blockNumber":10529379,"chainId":1,"contractAddress":"0x988b3A538b618C7A603e1c11Ab82Cd16dbE28069","disputeID":"293"}	{"appealPeriodEnd": "1596079439", "appealPeriodStart": "1595690639"}
{"blockNumber":10548097,"chainId":1,"contractAddress":"0x988b3A538b618C7A603e1c11Ab82Cd16dbE28069","disputeID":"293"}	{"appealPeriodEnd": "1596329194", "appealPeriodStart": "1595940394"}
{"blockNumber":10533161,"chainId":1,"contractAddress":"0x988b3A538b618C7A603e1c11Ab82Cd16dbE28069","disputeID":"278"}	{"appealPeriodEnd": "1596129757", "appealPeriodStart": "1595740957"}
{"blockNumber":10531249,"chainId":1,"contractAddress":"0x988b3A538b618C7A603e1c11Ab82Cd16dbE28069","disputeID":"303"}	{"appealPeriodEnd": "1596104485", "appealPeriodStart": "1595715685"}
{"blockNumber":10543442,"chainId":1,"contractAddress":"0x988b3A538b618C7A603e1c11Ab82Cd16dbE28069","disputeID":"264"}	{"appealPeriodEnd": "1596267702", "appealPeriodStart": "1595878902"}
{"blockNumber":10561744,"chainId":1,"contractAddress":"0x988b3A538b618C7A603e1c11Ab82Cd16dbE28069","disputeID":"281"}	{"appealPeriodEnd": "1596511901", "appealPeriodStart": "1596123101"}
{"blockNumber":10565274,"chainId":1,"contractAddress":"0x988b3A538b618C7A603e1c11Ab82Cd16dbE28069","disputeID":"252"}	{"appealPeriodEnd": "1596559917", "appealPeriodStart": "1596171117"}
{"blockNumber":10566339,"chainId":1,"contractAddress":"0x988b3A538b618C7A603e1c11Ab82Cd16dbE28069","disputeID":"262"}	{"appealPeriodEnd": "1596573852", "appealPeriodStart": "1596185052"}
{"blockNumber":10561744,"chainId":1,"contractAddress":"0x988b3A538b618C7A603e1c11Ab82Cd16dbE28069","disputeID":"272"}	{"appealPeriodEnd": "1596511901", "appealPeriodStart": "1596123101"}
{"blockNumber":10562341,"chainId":1,"contractAddress":"0x988b3A538b618C7A603e1c11Ab82Cd16dbE28069","disputeID":"304"}	{"appealPeriodEnd": "1596433929", "appealPeriodStart": "1596131529"}
{"blockNumber":10565274,"chainId":1,"contractAddress":"0x988b3A538b618C7A603e1c11Ab82Cd16dbE28069","disputeID":"279"}	{"appealPeriodEnd": "1596559917", "appealPeriodStart": "1596171117"}
{"blockNumber":10576248,"chainId":1,"contractAddress":"0x988b3A538b618C7A603e1c11Ab82Cd16dbE28069","disputeID":"312"}	{"appealPeriodEnd": "1596618396", "appealPeriodStart": "1596315996"}
{"blockNumber":10627996,"chainId":1,"contractAddress":"0x988b3A538b618C7A603e1c11Ab82Cd16dbE28069","disputeID":"323"}	{"appealPeriodEnd": "1597395732", "appealPeriodStart": "1597006932"}
{"blockNumber":10664881,"chainId":1,"contractAddress":"0x988b3A538b618C7A603e1c11Ab82Cd16dbE28069","disputeID":"329"}	{"appealPeriodEnd": "1597886563", "appealPeriodStart": "1597497763"}
{"blockNumber":10666832,"chainId":1,"contractAddress":"0x988b3A538b618C7A603e1c11Ab82Cd16dbE28069","disputeID":"333"}	{"appealPeriodEnd": "1597826186", "appealPeriodStart": "1597523786"}
{"blockNumber":10684037,"chainId":1,"contractAddress":"0x988b3A538b618C7A603e1c11Ab82Cd16dbE28069","disputeID":"331"}	{"appealPeriodEnd": "1598143306", "appealPeriodStart": "1597754506"}
{"blockNumber":10695649,"chainId":1,"contractAddress":"0x988b3A538b618C7A603e1c11Ab82Cd16dbE28069","disputeID":"332"}	{"appealPeriodEnd": "1598296611", "appealPeriodStart": "1597907811"}
{"blockNumber":10717332,"chainId":1,"contractAddress":"0x988b3A538b618C7A603e1c11Ab82Cd16dbE28069","disputeID":"347"}	{"appealPeriodEnd": "1598584327", "appealPeriodStart": "1598195527"}
{"blockNumber":10717946,"chainId":1,"contractAddress":"0x988b3A538b618C7A603e1c11Ab82Cd16dbE28069","disputeID":"356"}	{"appealPeriodEnd": "1598592566", "appealPeriodStart": "1598203766"}
{"blockNumber":10712836,"chainId":1,"contractAddress":"0x988b3A538b618C7A603e1c11Ab82Cd16dbE28069","disputeID":"348"}	{"appealPeriodEnd": "1598524979", "appealPeriodStart": "1598136179"}
{"blockNumber":10717915,"chainId":1,"contractAddress":"0x988b3A538b618C7A603e1c11Ab82Cd16dbE28069","disputeID":"350"}	{"appealPeriodEnd": "1598592143", "appealPeriodStart": "1598203343"}
{"blockNumber":10723794,"chainId":1,"contractAddress":"0x988b3A538b618C7A603e1c11Ab82Cd16dbE28069","disputeID":"334"}	{"appealPeriodEnd": "1598670088", "appealPeriodStart": "1598281288"}
{"blockNumber":10724601,"chainId":1,"contractAddress":"0x988b3A538b618C7A603e1c11Ab82Cd16dbE28069","disputeID":"344"}	{"appealPeriodEnd": "1598486561", "appealPeriodStart": "1598292161"}
{"blockNumber":10724601,"chainId":1,"contractAddress":"0x988b3A538b618C7A603e1c11Ab82Cd16dbE28069","disputeID":"346"}	{"appealPeriodEnd": "1598486561", "appealPeriodStart": "1598292161"}
{"blockNumber":10724601,"chainId":1,"contractAddress":"0x988b3A538b618C7A603e1c11Ab82Cd16dbE28069","disputeID":"351"}	{"appealPeriodEnd": "1598486561", "appealPeriodStart": "1598292161"}
{"blockNumber":10724601,"chainId":1,"contractAddress":"0x988b3A538b618C7A603e1c11Ab82Cd16dbE28069","disputeID":"353"}	{"appealPeriodEnd": "1598486561", "appealPeriodStart": "1598292161"}
{"blockNumber":10724601,"chainId":1,"contractAddress":"0x988b3A538b618C7A603e1c11Ab82Cd16dbE28069","disputeID":"343"}	{"appealPeriodEnd": "1598486561", "appealPeriodStart": "1598292161"}
{"blockNumber":10724601,"chainId":1,"contractAddress":"0x988b3A538b618C7A603e1c11Ab82Cd16dbE28069","disputeID":"345"}	{"appealPeriodEnd": "1598486561", "appealPeriodStart": "1598292161"}
{"blockNumber":10724601,"chainId":1,"contractAddress":"0x988b3A538b618C7A603e1c11Ab82Cd16dbE28069","disputeID":"349"}	{"appealPeriodEnd": "1598486561", "appealPeriodStart": "1598292161"}
{"blockNumber":10724601,"chainId":1,"contractAddress":"0x988b3A538b618C7A603e1c11Ab82Cd16dbE28069","disputeID":"352"}	{"appealPeriodEnd": "1598486561", "appealPeriodStart": "1598292161"}
{"blockNumber":10724601,"chainId":1,"contractAddress":"0x988b3A538b618C7A603e1c11Ab82Cd16dbE28069","disputeID":"354"}	{"appealPeriodEnd": "1598486561", "appealPeriodStart": "1598292161"}
{"blockNumber":10725583,"chainId":1,"contractAddress":"0x988b3A538b618C7A603e1c11Ab82Cd16dbE28069","disputeID":"355"}	{"appealPeriodEnd": "1598499411", "appealPeriodStart": "1598305011"}
{"blockNumber":10727415,"chainId":1,"contractAddress":"0x988b3A538b618C7A603e1c11Ab82Cd16dbE28069","disputeID":"360"}	{"appealPeriodEnd": "1598631693", "appealPeriodStart": "1598329293"}
{"blockNumber":10726429,"chainId":1,"contractAddress":"0x988b3A538b618C7A603e1c11Ab82Cd16dbE28069","disputeID":"357"}	{"appealPeriodEnd": "1598510218", "appealPeriodStart": "1598315818"}
{"blockNumber":10731612,"chainId":1,"contractAddress":"0x988b3A538b618C7A603e1c11Ab82Cd16dbE28069","disputeID":"362"}	{"appealPeriodEnd": "1598687564", "appealPeriodStart": "1598385164"}
{"blockNumber":10736728,"chainId":1,"contractAddress":"0x988b3A538b618C7A603e1c11Ab82Cd16dbE28069","disputeID":"334"}	{"appealPeriodEnd": "1598647932", "appealPeriodStart": "1598453532"}
{"blockNumber":10738092,"chainId":1,"contractAddress":"0x988b3A538b618C7A603e1c11Ab82Cd16dbE28069","disputeID":"358"}	{"appealPeriodEnd": "1598665309", "appealPeriodStart": "1598470909"}
{"blockNumber":10739220,"chainId":1,"contractAddress":"0x988b3A538b618C7A603e1c11Ab82Cd16dbE28069","disputeID":"365"}	{"appealPeriodEnd": "1598680321", "appealPeriodStart": "1598485921"}
{"blockNumber":10738207,"chainId":1,"contractAddress":"0x988b3A538b618C7A603e1c11Ab82Cd16dbE28069","disputeID":"359"}	{"appealPeriodEnd": "1598666802", "appealPeriodStart": "1598472402"}
{"blockNumber":10743349,"chainId":1,"contractAddress":"0x988b3A538b618C7A603e1c11Ab82Cd16dbE28069","disputeID":"352"}	{"appealPeriodEnd": "1598735797", "appealPeriodStart": "1598541397"}
{"blockNumber":10742609,"chainId":1,"contractAddress":"0x988b3A538b618C7A603e1c11Ab82Cd16dbE28069","disputeID":"363"}	{"appealPeriodEnd": "1598833895", "appealPeriodStart": "1598531495"}
{"blockNumber":10743512,"chainId":1,"contractAddress":"0x988b3A538b618C7A603e1c11Ab82Cd16dbE28069","disputeID":"366"}	{"appealPeriodEnd": "1598738070", "appealPeriodStart": "1598543670"}
{"blockNumber":10745654,"chainId":1,"contractAddress":"0x988b3A538b618C7A603e1c11Ab82Cd16dbE28069","disputeID":"364"}	{"appealPeriodEnd": "1598873799", "appealPeriodStart": "1598571399"}
{"blockNumber":10751641,"chainId":1,"contractAddress":"0x988b3A538b618C7A603e1c11Ab82Cd16dbE28069","disputeID":"344"}	{"appealPeriodEnd": "1598844999", "appealPeriodStart": "1598650599"}
{"blockNumber":10756585,"chainId":1,"contractAddress":"0x988b3A538b618C7A603e1c11Ab82Cd16dbE28069","disputeID":"360"}	{"appealPeriodEnd": "1599018933", "appealPeriodStart": "1598716533"}
{"blockNumber":10757060,"chainId":1,"contractAddress":"0x988b3A538b618C7A603e1c11Ab82Cd16dbE28069","disputeID":"354"}	{"appealPeriodEnd": "1598917055", "appealPeriodStart": "1598722655"}
{"blockNumber":10758109,"chainId":1,"contractAddress":"0x988b3A538b618C7A603e1c11Ab82Cd16dbE28069","disputeID":"367"}	{"appealPeriodEnd": "1599038853", "appealPeriodStart": "1598736453"}
{"blockNumber":10766405,"chainId":1,"contractAddress":"0x988b3A538b618C7A603e1c11Ab82Cd16dbE28069","disputeID":"362"}	{"appealPeriodEnd": "1599148909", "appealPeriodStart": "1598846509"}
{"blockNumber":10758109,"chainId":1,"contractAddress":"0x988b3A538b618C7A603e1c11Ab82Cd16dbE28069","disputeID":"334"}	{"appealPeriodEnd": "1598930853", "appealPeriodStart": "1598736453"}
{"blockNumber":10765762,"chainId":1,"contractAddress":"0x988b3A538b618C7A603e1c11Ab82Cd16dbE28069","disputeID":"368"}	{"appealPeriodEnd": "1599032272", "appealPeriodStart": "1598837872"}
{"blockNumber":10766458,"chainId":1,"contractAddress":"0x988b3A538b618C7A603e1c11Ab82Cd16dbE28069","disputeID":"352"}	{"appealPeriodEnd": "1599041480", "appealPeriodStart": "1598847080"}
{"blockNumber":10771556,"chainId":1,"contractAddress":"0x988b3A538b618C7A603e1c11Ab82Cd16dbE28069","disputeID":"370"}	{"appealPeriodEnd": "1599216179", "appealPeriodStart": "1598913779"}
{"blockNumber":10783532,"chainId":1,"contractAddress":"0x988b3A538b618C7A603e1c11Ab82Cd16dbE28069","disputeID":"364"}	{"appealPeriodEnd": "1599374528", "appealPeriodStart": "1599072128"}
{"blockNumber":10783532,"chainId":1,"contractAddress":"0x988b3A538b618C7A603e1c11Ab82Cd16dbE28069","disputeID":"369"}	{"appealPeriodEnd": "1599374528", "appealPeriodStart": "1599072128"}
{"blockNumber":10793882,"chainId":1,"contractAddress":"0x988b3A538b618C7A603e1c11Ab82Cd16dbE28069","disputeID":"360"}	{"appealPeriodEnd": "1599511451", "appealPeriodStart": "1599209051"}
{"blockNumber":10811462,"chainId":1,"contractAddress":"0x988b3A538b618C7A603e1c11Ab82Cd16dbE28069","disputeID":"362"}	{"appealPeriodEnd": "1599743211", "appealPeriodStart": "1599440811"}
{"blockNumber":10815472,"chainId":1,"contractAddress":"0x988b3A538b618C7A603e1c11Ab82Cd16dbE28069","disputeID":"364"}	{"appealPeriodEnd": "1599796656", "appealPeriodStart": "1599494256"}
{"blockNumber":10850667,"chainId":1,"contractAddress":"0x988b3A538b618C7A603e1c11Ab82Cd16dbE28069","disputeID":"374"}	{"appealPeriodEnd": "1600155402", "appealPeriodStart": "1599961002"}
{"blockNumber":10830023,"chainId":1,"contractAddress":"0x988b3A538b618C7A603e1c11Ab82Cd16dbE28069","disputeID":"360"}	{"appealPeriodEnd": "1599989800", "appealPeriodStart": "1599687400"}
{"blockNumber":10852416,"chainId":1,"contractAddress":"0x988b3A538b618C7A603e1c11Ab82Cd16dbE28069","disputeID":"362"}	{"appealPeriodEnd": "1600286791", "appealPeriodStart": "1599984391"}
{"blockNumber":10862757,"chainId":1,"contractAddress":"0x988b3A538b618C7A603e1c11Ab82Cd16dbE28069","disputeID":"373"}	{"appealPeriodEnd": "1600316330", "appealPeriodStart": "1600121930"}
{"blockNumber":10888919,"chainId":1,"contractAddress":"0x988b3A538b618C7A603e1c11Ab82Cd16dbE28069","disputeID":"381"}	{"appealPeriodEnd": "1600771311", "appealPeriodStart": "1600468911"}
{"blockNumber":10888283,"chainId":1,"contractAddress":"0x988b3A538b618C7A603e1c11Ab82Cd16dbE28069","disputeID":"382"}	{"appealPeriodEnd": "1600654727", "appealPeriodStart": "1600460327"}
{"blockNumber":10936044,"chainId":1,"contractAddress":"0x988b3A538b618C7A603e1c11Ab82Cd16dbE28069","disputeID":"381"}	{"appealPeriodEnd": "1601395902", "appealPeriodStart": "1601093502"}
{"blockNumber":10951260,"chainId":1,"contractAddress":"0x988b3A538b618C7A603e1c11Ab82Cd16dbE28069","disputeID":"394"}	{"appealPeriodEnd": "1601602379", "appealPeriodStart": "1601299979"}
{"blockNumber":10964175,"chainId":1,"contractAddress":"0x988b3A538b618C7A603e1c11Ab82Cd16dbE28069","disputeID":"399"}	{"appealPeriodEnd": "1601668896", "appealPeriodStart": "1601474496"}
{"blockNumber":10985274,"chainId":1,"contractAddress":"0x988b3A538b618C7A603e1c11Ab82Cd16dbE28069","disputeID":"396"}	{"appealPeriodEnd": "1602148313", "appealPeriodStart": "1601759513"}
{"blockNumber":11033815,"chainId":1,"contractAddress":"0x988b3A538b618C7A603e1c11Ab82Cd16dbE28069","disputeID":"415"}	{"appealPeriodEnd": "1602608491", "appealPeriodStart": "1602414091"}
{"blockNumber":11033815,"chainId":1,"contractAddress":"0x988b3A538b618C7A603e1c11Ab82Cd16dbE28069","disputeID":"414"}	{"appealPeriodEnd": "1602608491", "appealPeriodStart": "1602414091"}
{"blockNumber":11036426,"chainId":1,"contractAddress":"0x988b3A538b618C7A603e1c11Ab82Cd16dbE28069","disputeID":"416"}	{"appealPeriodEnd": "1602642612", "appealPeriodStart": "1602448212"}
{"blockNumber":11047443,"chainId":1,"contractAddress":"0x988b3A538b618C7A603e1c11Ab82Cd16dbE28069","disputeID":"418"}	{"appealPeriodEnd": "1602788508", "appealPeriodStart": "1602594108"}
{"blockNumber":11063090,"chainId":1,"contractAddress":"0x988b3A538b618C7A603e1c11Ab82Cd16dbE28069","disputeID":"421"}	{"appealPeriodEnd": "1602994648", "appealPeriodStart": "1602800248"}
{"blockNumber":11069563,"chainId":1,"contractAddress":"0x988b3A538b618C7A603e1c11Ab82Cd16dbE28069","disputeID":"426"}	{"appealPeriodEnd": "1603080484", "appealPeriodStart": "1602886084"}
{"blockNumber":11061789,"chainId":1,"contractAddress":"0x988b3A538b618C7A603e1c11Ab82Cd16dbE28069","disputeID":"425"}	{"appealPeriodEnd": "1602977806", "appealPeriodStart": "1602783406"}
{"blockNumber":11069563,"chainId":1,"contractAddress":"0x988b3A538b618C7A603e1c11Ab82Cd16dbE28069","disputeID":"424"}	{"appealPeriodEnd": "1603080484", "appealPeriodStart": "1602886084"}
{"blockNumber":11090043,"chainId":1,"contractAddress":"0x988b3A538b618C7A603e1c11Ab82Cd16dbE28069","disputeID":"431"}	{"appealPeriodEnd": "1603460272", "appealPeriodStart": "1603157872"}
{"blockNumber":11130291,"chainId":1,"contractAddress":"0x988b3A538b618C7A603e1c11Ab82Cd16dbE28069","disputeID":"437"}	{"appealPeriodEnd": "1603886502", "appealPeriodStart": "1603692102"}
{"blockNumber":11152404,"chainId":1,"contractAddress":"0x988b3A538b618C7A603e1c11Ab82Cd16dbE28069","disputeID":"440"}	{"appealPeriodEnd": "1604286687", "appealPeriodStart": "1603984287"}
{"blockNumber":11161766,"chainId":1,"contractAddress":"0x988b3A538b618C7A603e1c11Ab82Cd16dbE28069","disputeID":"441"}	{"appealPeriodEnd": "1604411367", "appealPeriodStart": "1604108967"}
{"blockNumber":11159786,"chainId":1,"contractAddress":"0x988b3A538b618C7A603e1c11Ab82Cd16dbE28069","disputeID":"439"}	{"appealPeriodEnd": "1604385146", "appealPeriodStart": "1604082746"}
{"blockNumber":11177332,"chainId":1,"contractAddress":"0x988b3A538b618C7A603e1c11Ab82Cd16dbE28069","disputeID":"443"}	{"appealPeriodEnd": "1604618206", "appealPeriodStart": "1604315806"}
{"blockNumber":11219320,"chainId":1,"contractAddress":"0x988b3A538b618C7A603e1c11Ab82Cd16dbE28069","disputeID":"476"}	{"appealPeriodEnd": "1605174592", "appealPeriodStart": "1604872192"}
{"blockNumber":11207880,"chainId":1,"contractAddress":"0x988b3A538b618C7A603e1c11Ab82Cd16dbE28069","disputeID":"443"}	{"appealPeriodEnd": "1605022356", "appealPeriodStart": "1604719956"}
{"blockNumber":11278152,"chainId":1,"contractAddress":"0x988b3A538b618C7A603e1c11Ab82Cd16dbE28069","disputeID":"480"}	{"appealPeriodEnd": "1605954465", "appealPeriodStart": "1605652065"}
{"blockNumber":11281727,"chainId":1,"contractAddress":"0x988b3A538b618C7A603e1c11Ab82Cd16dbE28069","disputeID":"483"}	{"appealPeriodEnd": "1605894104", "appealPeriodStart": "1605699704"}
{"blockNumber":11321412,"chainId":1,"contractAddress":"0x988b3A538b618C7A603e1c11Ab82Cd16dbE28069","disputeID":"487"}	{"appealPeriodEnd": "1606420686", "appealPeriodStart": "1606226286"}
{"blockNumber":11317214,"chainId":1,"contractAddress":"0x988b3A538b618C7A603e1c11Ab82Cd16dbE28069","disputeID":"486"}	{"appealPeriodEnd": "1606365457", "appealPeriodStart": "1606171057"}
{"blockNumber":11348339,"chainId":1,"contractAddress":"0x988b3A538b618C7A603e1c11Ab82Cd16dbE28069","disputeID":"489"}	{"appealPeriodEnd": "1606886065", "appealPeriodStart": "1606583665"}
{"blockNumber":11374718,"chainId":1,"contractAddress":"0x988b3A538b618C7A603e1c11Ab82Cd16dbE28069","disputeID":"495"}	{"appealPeriodEnd": "1607235856", "appealPeriodStart": "1606933456"}
{"blockNumber":11395644,"chainId":1,"contractAddress":"0x988b3A538b618C7A603e1c11Ab82Cd16dbE28069","disputeID":"499"}	{"appealPeriodEnd": "1607405928", "appealPeriodStart": "1607211528"}
{"blockNumber":11407998,"chainId":1,"contractAddress":"0x988b3A538b618C7A603e1c11Ab82Cd16dbE28069","disputeID":"495"}	{"appealPeriodEnd": "1607677889", "appealPeriodStart": "1607375489"}
{"blockNumber":11398407,"chainId":1,"contractAddress":"0x988b3A538b618C7A603e1c11Ab82Cd16dbE28069","disputeID":"502"}	{"appealPeriodEnd": "1607442372", "appealPeriodStart": "1607247972"}
{"blockNumber":11493419,"chainId":1,"contractAddress":"0x988b3A538b618C7A603e1c11Ab82Cd16dbE28069","disputeID":"528"}	{"appealPeriodEnd": "1608703899", "appealPeriodStart": "1608509499"}
{"blockNumber":11532300,"chainId":1,"contractAddress":"0x988b3A538b618C7A603e1c11Ab82Cd16dbE28069","disputeID":"531"}	{"appealPeriodEnd": "1609327614", "appealPeriodStart": "1609025214"}
{"blockNumber":11717755,"chainId":1,"contractAddress":"0x988b3A538b618C7A603e1c11Ab82Cd16dbE28069","disputeID":"542"}	{"appealPeriodEnd": "1611678099", "appealPeriodStart": "1611483699"}
{"blockNumber":11755586,"chainId":1,"contractAddress":"0x988b3A538b618C7A603e1c11Ab82Cd16dbE28069","disputeID":"543"}	{"appealPeriodEnd": "1612181168", "appealPeriodStart": "1611986768"}
{"blockNumber":12123099,"chainId":1,"contractAddress":"0x988b3A538b618C7A603e1c11Ab82Cd16dbE28069","disputeID":"558"}	{"appealPeriodEnd": "1617176878", "appealPeriodStart": "1616874478"}
{"blockNumber":12123099,"chainId":1,"contractAddress":"0x988b3A538b618C7A603e1c11Ab82Cd16dbE28069","disputeID":"557"}	{"appealPeriodEnd": "1617176878", "appealPeriodStart": "1616874478"}
{"blockNumber":12712207,"chainId":1,"contractAddress":"0x988b3A538b618C7A603e1c11Ab82Cd16dbE28069","disputeID":"852"}	{"appealPeriodEnd": "1625047598", "appealPeriodStart": "1624745198"}
{"blockNumber":12741944,"chainId":1,"contractAddress":"0x988b3A538b618C7A603e1c11Ab82Cd16dbE28069","disputeID":"852"}	{"appealPeriodEnd": "1625446962", "appealPeriodStart": "1625144562"}
{"blockNumber":12891229,"chainId":1,"contractAddress":"0x988b3A538b618C7A603e1c11Ab82Cd16dbE28069","disputeID":"888"}	{"appealPeriodEnd": "1627353499", "appealPeriodStart": "1627159099"}
{"blockNumber":25949231,"chainId":100,"contractAddress":"0x9C1dA9A04925bDfDedf0f6421bC7EEa8305F9002","disputeID":"69"}	{"appealPeriodEnd": "1673836235", "appealPeriodStart": "1673641835"}
{"blockNumber":25951554,"chainId":100,"contractAddress":"0x9C1dA9A04925bDfDedf0f6421bC7EEa8305F9002","disputeID":"68"}	{"appealPeriodEnd": "1673848410", "appealPeriodStart": "1673654010"}
{"blockNumber":26975646,"chainId":100,"contractAddress":"0x9C1dA9A04925bDfDedf0f6421bC7EEa8305F9002","disputeID":"81"}	{"appealPeriodEnd": "1679380315", "appealPeriodStart": "1678991515"}
{"blockNumber":27104578,"chainId":100,"contractAddress":"0x9C1dA9A04925bDfDedf0f6421bC7EEa8305F9002","disputeID":"82"}	{"appealPeriodEnd": "1680078595", "appealPeriodStart": "1679689795"}
{"blockNumber":27378659,"chainId":100,"contractAddress":"0x9C1dA9A04925bDfDedf0f6421bC7EEa8305F9002","disputeID":"85"}	{"appealPeriodEnd": "1681526315", "appealPeriodStart": "1681137515"}
{"blockNumber":25994438,"chainId":100,"contractAddress":"0x9C1dA9A04925bDfDedf0f6421bC7EEa8305F9002","disputeID":"70"}	{"appealPeriodEnd": "1674072100", "appealPeriodStart": "1673877700"}
{"blockNumber":25995193,"chainId":100,"contractAddress":"0x9C1dA9A04925bDfDedf0f6421bC7EEa8305F9002","disputeID":"72"}	{"appealPeriodEnd": "1674076025", "appealPeriodStart": "1673881625"}
{"blockNumber":25997943,"chainId":100,"contractAddress":"0x9C1dA9A04925bDfDedf0f6421bC7EEa8305F9002","disputeID":"71"}	{"appealPeriodEnd": "1674090310", "appealPeriodStart": "1673895910"}
{"blockNumber":26010524,"chainId":100,"contractAddress":"0x9C1dA9A04925bDfDedf0f6421bC7EEa8305F9002","disputeID":"74"}	{"appealPeriodEnd": "1674156250", "appealPeriodStart": "1673961850"}
{"blockNumber":26012272,"chainId":100,"contractAddress":"0x9C1dA9A04925bDfDedf0f6421bC7EEa8305F9002","disputeID":"75"}	{"appealPeriodEnd": "1674165365", "appealPeriodStart": "1673970965"}
{"blockNumber":26014725,"chainId":100,"contractAddress":"0x9C1dA9A04925bDfDedf0f6421bC7EEa8305F9002","disputeID":"76"}	{"appealPeriodEnd": "1674178125", "appealPeriodStart": "1673983725"}
{"blockNumber":27114658,"chainId":100,"contractAddress":"0x9C1dA9A04925bDfDedf0f6421bC7EEa8305F9002","disputeID":"84"}	{"appealPeriodEnd": "1679937980", "appealPeriodStart": "1679743580"}
{"blockNumber":27181904,"chainId":100,"contractAddress":"0x9C1dA9A04925bDfDedf0f6421bC7EEa8305F9002","disputeID":"86"}	{"appealPeriodEnd": "1680295380", "appealPeriodStart": "1680100980"}
{"blockNumber":27359250,"chainId":100,"contractAddress":"0x9C1dA9A04925bDfDedf0f6421bC7EEa8305F9002","disputeID":"91"}	{"appealPeriodEnd": "1681231025", "appealPeriodStart": "1681036625"}
{"blockNumber":25993739,"chainId":100,"contractAddress":"0x9C1dA9A04925bDfDedf0f6421bC7EEa8305F9002","disputeID":"62"}	{"appealPeriodEnd": "1674262875", "appealPeriodStart": "1673874075"}
{"blockNumber":26105584,"chainId":100,"contractAddress":"0x9C1dA9A04925bDfDedf0f6421bC7EEa8305F9002","disputeID":"67"}	{"appealPeriodEnd": "1674849915", "appealPeriodStart": "1674461115"}
{"blockNumber":26216362,"chainId":100,"contractAddress":"0x9C1dA9A04925bDfDedf0f6421bC7EEa8305F9002","disputeID":"73"}	{"appealPeriodEnd": "1675430830", "appealPeriodStart": "1675042030"}
{"blockNumber":26693180,"chainId":100,"contractAddress":"0x9C1dA9A04925bDfDedf0f6421bC7EEa8305F9002","disputeID":"77"}	{"appealPeriodEnd": "1677904085", "appealPeriodStart": "1677515285"}
{"blockNumber":26747064,"chainId":100,"contractAddress":"0x9C1dA9A04925bDfDedf0f6421bC7EEa8305F9002","disputeID":"78"}	{"appealPeriodEnd": "1678184205", "appealPeriodStart": "1677795405"}
{"blockNumber":12951734,"chainId":1,"contractAddress":"0x988b3A538b618C7A603e1c11Ab82Cd16dbE28069","disputeID":"901"}	{"appealPeriodEnd": "1628288334", "appealPeriodStart": "1627985934"}
{"blockNumber":13203665,"chainId":1,"contractAddress":"0x988b3A538b618C7A603e1c11Ab82Cd16dbE28069","disputeID":"914"}	{"appealPeriodEnd": "1631655137", "appealPeriodStart": "1631352737"}
{"blockNumber":13716256,"chainId":1,"contractAddress":"0x988b3A538b618C7A603e1c11Ab82Cd16dbE28069","disputeID":"1010"}	{"appealPeriodEnd": "1638597890", "appealPeriodStart": "1638295490"}
{"blockNumber":14117602,"chainId":1,"contractAddress":"0x988b3A538b618C7A603e1c11Ab82Cd16dbE28069","disputeID":"1100"}	{"appealPeriodEnd": "1643986991", "appealPeriodStart": "1643684591"}
{"blockNumber":28763882,"chainId":100,"contractAddress":"0x9C1dA9A04925bDfDedf0f6421bC7EEa8305F9002","disputeID":"108"}	{"appealPeriodEnd": "1688585665", "appealPeriodStart": "1688391265"}
{"blockNumber":28783983,"chainId":100,"contractAddress":"0x9C1dA9A04925bDfDedf0f6421bC7EEa8305F9002","disputeID":"106"}	{"appealPeriodEnd": "1688886005", "appealPeriodStart": "1688497205"}
{"blockNumber":28797472,"chainId":100,"contractAddress":"0x9C1dA9A04925bDfDedf0f6421bC7EEa8305F9002","disputeID":"107"}	{"appealPeriodEnd": "1688956110", "appealPeriodStart": "1688567310"}
{"blockNumber":29807753,"chainId":100,"contractAddress":"0x9C1dA9A04925bDfDedf0f6421bC7EEa8305F9002","disputeID":"122"}	{"appealPeriodEnd": "1694038915", "appealPeriodStart": "1693844515"}
{"blockNumber":29900699,"chainId":100,"contractAddress":"0x9C1dA9A04925bDfDedf0f6421bC7EEa8305F9002","disputeID":"124"}	{"appealPeriodEnd": "1694520345", "appealPeriodStart": "1694325945"}
{"blockNumber":29900868,"chainId":100,"contractAddress":"0x9C1dA9A04925bDfDedf0f6421bC7EEa8305F9002","disputeID":"125"}	{"appealPeriodEnd": "1694521245", "appealPeriodStart": "1694326845"}
{"blockNumber":30073535,"chainId":100,"contractAddress":"0x9C1dA9A04925bDfDedf0f6421bC7EEa8305F9002","disputeID":"126"}	{"appealPeriodEnd": "1695451575", "appealPeriodStart": "1695257175"}
{"blockNumber":30137575,"chainId":100,"contractAddress":"0x9C1dA9A04925bDfDedf0f6421bC7EEa8305F9002","disputeID":"127"}	{"appealPeriodEnd": "1695786295", "appealPeriodStart": "1695591895"}
{"blockNumber":30156459,"chainId":100,"contractAddress":"0x9C1dA9A04925bDfDedf0f6421bC7EEa8305F9002","disputeID":"128"}	{"appealPeriodEnd": "1695886040", "appealPeriodStart": "1695691640"}
{"blockNumber":30164063,"chainId":100,"contractAddress":"0x9C1dA9A04925bDfDedf0f6421bC7EEa8305F9002","disputeID":"130"}	{"appealPeriodEnd": "1695926745", "appealPeriodStart": "1695732345"}
{"blockNumber":30168081,"chainId":100,"contractAddress":"0x9C1dA9A04925bDfDedf0f6421bC7EEa8305F9002","disputeID":"129"}	{"appealPeriodEnd": "1695948760", "appealPeriodStart": "1695754360"}
{"blockNumber":30168975,"chainId":100,"contractAddress":"0x9C1dA9A04925bDfDedf0f6421bC7EEa8305F9002","disputeID":"131"}	{"appealPeriodEnd": "1695953590", "appealPeriodStart": "1695759190"}
{"blockNumber":30187278,"chainId":100,"contractAddress":"0x9C1dA9A04925bDfDedf0f6421bC7EEa8305F9002","disputeID":"133"}	{"appealPeriodEnd": "1696051890", "appealPeriodStart": "1695857490"}
{"blockNumber":30203899,"chainId":100,"contractAddress":"0x9C1dA9A04925bDfDedf0f6421bC7EEa8305F9002","disputeID":"131"}	{"appealPeriodEnd": "1696141265", "appealPeriodStart": "1695946865"}
{"blockNumber":29829343,"chainId":100,"contractAddress":"0x9C1dA9A04925bDfDedf0f6421bC7EEa8305F9002","disputeID":"123"}	{"appealPeriodEnd": "1694151445", "appealPeriodStart": "1693957045"}
{"blockNumber":13902826,"chainId":1,"contractAddress":"0x988b3A538b618C7A603e1c11Ab82Cd16dbE28069","disputeID":"1049"}	{"appealPeriodEnd": "1641117724", "appealPeriodStart": "1640815324"}
{"blockNumber":13960204,"chainId":1,"contractAddress":"0x988b3A538b618C7A603e1c11Ab82Cd16dbE28069","disputeID":"1070"}	{"appealPeriodEnd": "1641886383", "appealPeriodStart": "1641583983"}
{"blockNumber":13997912,"chainId":1,"contractAddress":"0x988b3A538b618C7A603e1c11Ab82Cd16dbE28069","disputeID":"1077"}	{"appealPeriodEnd": "1642389000", "appealPeriodStart": "1642086600"}
{"blockNumber":14122438,"chainId":1,"contractAddress":"0x988b3A538b618C7A603e1c11Ab82Cd16dbE28069","disputeID":"1103"}	{"appealPeriodEnd": "1644051742", "appealPeriodStart": "1643749342"}
{"blockNumber":16865466,"chainId":1,"contractAddress":"0x988b3A538b618C7A603e1c11Ab82Cd16dbE28069","disputeID":"1549"}	{"appealPeriodEnd": "1679662703", "appealPeriodStart": "1679273903"}
{"blockNumber":14098662,"chainId":1,"contractAddress":"0x988b3A538b618C7A603e1c11Ab82Cd16dbE28069","disputeID":"1098"}	{"appealPeriodEnd": "1643734899", "appealPeriodStart": "1643432499"}
{"blockNumber":20973073,"chainId":1,"contractAddress":"0x988b3A538b618C7A603e1c11Ab82Cd16dbE28069","disputeID":"1649"}	{"appealPeriodEnd": "1729409555", "appealPeriodStart": "1729020755"}
{"blockNumber":22067380,"chainId":1,"contractAddress":"0x988b3A538b618C7A603e1c11Ab82Cd16dbE28069","disputeID":"1659"}	{"appealPeriodEnd": "1742612615", "appealPeriodStart": "1742223815"}
{"blockNumber":30245707,"chainId":100,"contractAddress":"0x9C1dA9A04925bDfDedf0f6421bC7EEa8305F9002","disputeID":"134"}	{"appealPeriodEnd": "1696364625", "appealPeriodStart": "1696170225"}
{"blockNumber":30388351,"chainId":100,"contractAddress":"0x9C1dA9A04925bDfDedf0f6421bC7EEa8305F9002","disputeID":"137"}	{"appealPeriodEnd": "1697134210", "appealPeriodStart": "1696939810"}
{"blockNumber":30388351,"chainId":100,"contractAddress":"0x9C1dA9A04925bDfDedf0f6421bC7EEa8305F9002","disputeID":"135"}	{"appealPeriodEnd": "1697134210", "appealPeriodStart": "1696939810"}
{"blockNumber":30373784,"chainId":100,"contractAddress":"0x9C1dA9A04925bDfDedf0f6421bC7EEa8305F9002","disputeID":"136"}	{"appealPeriodEnd": "1697054750", "appealPeriodStart": "1696860350"}
{"blockNumber":30477866,"chainId":100,"contractAddress":"0x9C1dA9A04925bDfDedf0f6421bC7EEa8305F9002","disputeID":"142"}	{"appealPeriodEnd": "1697610145", "appealPeriodStart": "1697415745"}
{"blockNumber":30457541,"chainId":100,"contractAddress":"0x9C1dA9A04925bDfDedf0f6421bC7EEa8305F9002","disputeID":"138"}	{"appealPeriodEnd": "1697501630", "appealPeriodStart": "1697307230"}
{"blockNumber":30476049,"chainId":100,"contractAddress":"0x9C1dA9A04925bDfDedf0f6421bC7EEa8305F9002","disputeID":"139"}	{"appealPeriodEnd": "1697600495", "appealPeriodStart": "1697406095"}
{"blockNumber":30476049,"chainId":100,"contractAddress":"0x9C1dA9A04925bDfDedf0f6421bC7EEa8305F9002","disputeID":"141"}	{"appealPeriodEnd": "1697600495", "appealPeriodStart": "1697406095"}
{"blockNumber":30543002,"chainId":100,"contractAddress":"0x9C1dA9A04925bDfDedf0f6421bC7EEa8305F9002","disputeID":"144"}	{"appealPeriodEnd": "1697958300", "appealPeriodStart": "1697763900"}
{"blockNumber":30616211,"chainId":100,"contractAddress":"0x9C1dA9A04925bDfDedf0f6421bC7EEa8305F9002","disputeID":"145"}	{"appealPeriodEnd": "1698349735", "appealPeriodStart": "1698155335"}
{"blockNumber":30670759,"chainId":100,"contractAddress":"0x9C1dA9A04925bDfDedf0f6421bC7EEa8305F9002","disputeID":"146"}	{"appealPeriodEnd": "1698651310", "appealPeriodStart": "1698456910"}
{"blockNumber":30710675,"chainId":100,"contractAddress":"0x9C1dA9A04925bDfDedf0f6421bC7EEa8305F9002","disputeID":"149"}	{"appealPeriodEnd": "1698873590", "appealPeriodStart": "1698679190"}
{"blockNumber":30957119,"chainId":100,"contractAddress":"0x9C1dA9A04925bDfDedf0f6421bC7EEa8305F9002","disputeID":"153"}	{"appealPeriodEnd": "1700213045", "appealPeriodStart": "1700018645"}
{"blockNumber":31017347,"chainId":100,"contractAddress":"0x9C1dA9A04925bDfDedf0f6421bC7EEa8305F9002","disputeID":"155"}	{"appealPeriodEnd": "1700537445", "appealPeriodStart": "1700343045"}
{"blockNumber":31067245,"chainId":100,"contractAddress":"0x9C1dA9A04925bDfDedf0f6421bC7EEa8305F9002","disputeID":"156"}	{"appealPeriodEnd": "1700804410", "appealPeriodStart": "1700610010"}
{"blockNumber":31080875,"chainId":100,"contractAddress":"0x9C1dA9A04925bDfDedf0f6421bC7EEa8305F9002","disputeID":"157"}	{"appealPeriodEnd": "1700878405", "appealPeriodStart": "1700684005"}
{"blockNumber":31094734,"chainId":100,"contractAddress":"0x9C1dA9A04925bDfDedf0f6421bC7EEa8305F9002","disputeID":"158"}	{"appealPeriodEnd": "1700953175", "appealPeriodStart": "1700758775"}
{"blockNumber":31233426,"chainId":100,"contractAddress":"0x9C1dA9A04925bDfDedf0f6421bC7EEa8305F9002","disputeID":"183"}	{"appealPeriodEnd": "1701683285", "appealPeriodStart": "1701488885"}
{"blockNumber":31251972,"chainId":100,"contractAddress":"0x9C1dA9A04925bDfDedf0f6421bC7EEa8305F9002","disputeID":"185"}	{"appealPeriodEnd": "1701780855", "appealPeriodStart": "1701586455"}
{"blockNumber":31348107,"chainId":100,"contractAddress":"0x9C1dA9A04925bDfDedf0f6421bC7EEa8305F9002","disputeID":"187"}	{"appealPeriodEnd": "1702284505", "appealPeriodStart": "1702090105"}
{"blockNumber":31380985,"chainId":100,"contractAddress":"0x9C1dA9A04925bDfDedf0f6421bC7EEa8305F9002","disputeID":"188"}	{"appealPeriodEnd": "1702456745", "appealPeriodStart": "1702262345"}
{"blockNumber":31436963,"chainId":100,"contractAddress":"0x9C1dA9A04925bDfDedf0f6421bC7EEa8305F9002","disputeID":"187"}	{"appealPeriodEnd": "1702749355", "appealPeriodStart": "1702554955"}
{"blockNumber":31842580,"chainId":100,"contractAddress":"0x9C1dA9A04925bDfDedf0f6421bC7EEa8305F9002","disputeID":"199"}	{"appealPeriodEnd": "1704898610", "appealPeriodStart": "1704704210"}
{"blockNumber":31193959,"chainId":100,"contractAddress":"0x9C1dA9A04925bDfDedf0f6421bC7EEa8305F9002","disputeID":"184"}	{"appealPeriodEnd": "1701475395", "appealPeriodStart": "1701280995"}
{"blockNumber":31091744,"chainId":100,"contractAddress":"0x9C1dA9A04925bDfDedf0f6421bC7EEa8305F9002","disputeID":"161"}	{"appealPeriodEnd": "1700936865", "appealPeriodStart": "1700742465"}
{"blockNumber":31091865,"chainId":100,"contractAddress":"0x9C1dA9A04925bDfDedf0f6421bC7EEa8305F9002","disputeID":"176"}	{"appealPeriodEnd": "1700937495", "appealPeriodStart": "1700743095"}
{"blockNumber":31091865,"chainId":100,"contractAddress":"0x9C1dA9A04925bDfDedf0f6421bC7EEa8305F9002","disputeID":"178"}	{"appealPeriodEnd": "1700937495", "appealPeriodStart": "1700743095"}
{"blockNumber":31094789,"chainId":100,"contractAddress":"0x9C1dA9A04925bDfDedf0f6421bC7EEa8305F9002","disputeID":"159"}	{"appealPeriodEnd": "1700953485", "appealPeriodStart": "1700759085"}
{"blockNumber":31094853,"chainId":100,"contractAddress":"0x9C1dA9A04925bDfDedf0f6421bC7EEa8305F9002","disputeID":"160"}	{"appealPeriodEnd": "1700953870", "appealPeriodStart": "1700759470"}
{"blockNumber":31094964,"chainId":100,"contractAddress":"0x9C1dA9A04925bDfDedf0f6421bC7EEa8305F9002","disputeID":"163"}	{"appealPeriodEnd": "1700954495", "appealPeriodStart": "1700760095"}
{"blockNumber":31094964,"chainId":100,"contractAddress":"0x9C1dA9A04925bDfDedf0f6421bC7EEa8305F9002","disputeID":"164"}	{"appealPeriodEnd": "1700954495", "appealPeriodStart": "1700760095"}
{"blockNumber":31094964,"chainId":100,"contractAddress":"0x9C1dA9A04925bDfDedf0f6421bC7EEa8305F9002","disputeID":"168"}	{"appealPeriodEnd": "1700954495", "appealPeriodStart": "1700760095"}
{"blockNumber":31095051,"chainId":100,"contractAddress":"0x9C1dA9A04925bDfDedf0f6421bC7EEa8305F9002","disputeID":"173"}	{"appealPeriodEnd": "1700954960", "appealPeriodStart": "1700760560"}
{"blockNumber":31095051,"chainId":100,"contractAddress":"0x9C1dA9A04925bDfDedf0f6421bC7EEa8305F9002","disputeID":"177"}	{"appealPeriodEnd": "1700954960", "appealPeriodStart": "1700760560"}
{"blockNumber":31097354,"chainId":100,"contractAddress":"0x9C1dA9A04925bDfDedf0f6421bC7EEa8305F9002","disputeID":"170"}	{"appealPeriodEnd": "1700967265", "appealPeriodStart": "1700772865"}
{"blockNumber":31097354,"chainId":100,"contractAddress":"0x9C1dA9A04925bDfDedf0f6421bC7EEa8305F9002","disputeID":"171"}	{"appealPeriodEnd": "1700967265", "appealPeriodStart": "1700772865"}
{"blockNumber":31097412,"chainId":100,"contractAddress":"0x9C1dA9A04925bDfDedf0f6421bC7EEa8305F9002","disputeID":"174"}	{"appealPeriodEnd": "1700967575", "appealPeriodStart": "1700773175"}
{"blockNumber":31097473,"chainId":100,"contractAddress":"0x9C1dA9A04925bDfDedf0f6421bC7EEa8305F9002","disputeID":"175"}	{"appealPeriodEnd": "1700967895", "appealPeriodStart": "1700773495"}
{"blockNumber":31097532,"chainId":100,"contractAddress":"0x9C1dA9A04925bDfDedf0f6421bC7EEa8305F9002","disputeID":"179"}	{"appealPeriodEnd": "1700968215", "appealPeriodStart": "1700773815"}
{"blockNumber":31097532,"chainId":100,"contractAddress":"0x9C1dA9A04925bDfDedf0f6421bC7EEa8305F9002","disputeID":"180"}	{"appealPeriodEnd": "1700968215", "appealPeriodStart": "1700773815"}
{"blockNumber":31097597,"chainId":100,"contractAddress":"0x9C1dA9A04925bDfDedf0f6421bC7EEa8305F9002","disputeID":"181"}	{"appealPeriodEnd": "1700968560", "appealPeriodStart": "1700774160"}
{"blockNumber":31108403,"chainId":100,"contractAddress":"0x9C1dA9A04925bDfDedf0f6421bC7EEa8305F9002","disputeID":"168"}	{"appealPeriodEnd": "1701026000", "appealPeriodStart": "1700831600"}
{"blockNumber":31108826,"chainId":100,"contractAddress":"0x9C1dA9A04925bDfDedf0f6421bC7EEa8305F9002","disputeID":"178"}	{"appealPeriodEnd": "1701028185", "appealPeriodStart": "1700833785"}
{"blockNumber":31110712,"chainId":100,"contractAddress":"0x9C1dA9A04925bDfDedf0f6421bC7EEa8305F9002","disputeID":"166"}	{"appealPeriodEnd": "1701038120", "appealPeriodStart": "1700843720"}
{"blockNumber":31110712,"chainId":100,"contractAddress":"0x9C1dA9A04925bDfDedf0f6421bC7EEa8305F9002","disputeID":"169"}	{"appealPeriodEnd": "1701038120", "appealPeriodStart": "1700843720"}
{"blockNumber":31110770,"chainId":100,"contractAddress":"0x9C1dA9A04925bDfDedf0f6421bC7EEa8305F9002","disputeID":"173"}	{"appealPeriodEnd": "1701038435", "appealPeriodStart": "1700844035"}
{"blockNumber":31110830,"chainId":100,"contractAddress":"0x9C1dA9A04925bDfDedf0f6421bC7EEa8305F9002","disputeID":"175"}	{"appealPeriodEnd": "1701038745", "appealPeriodStart": "1700844345"}
{"blockNumber":31111089,"chainId":100,"contractAddress":"0x9C1dA9A04925bDfDedf0f6421bC7EEa8305F9002","disputeID":"179"}	{"appealPeriodEnd": "1701040160", "appealPeriodStart": "1700845760"}
{"blockNumber":31113602,"chainId":100,"contractAddress":"0x9C1dA9A04925bDfDedf0f6421bC7EEa8305F9002","disputeID":"164"}	{"appealPeriodEnd": "1701053365", "appealPeriodStart": "1700858965"}
{"blockNumber":31113602,"chainId":100,"contractAddress":"0x9C1dA9A04925bDfDedf0f6421bC7EEa8305F9002","disputeID":"171"}	{"appealPeriodEnd": "1701053365", "appealPeriodStart": "1700858965"}
{"blockNumber":31113602,"chainId":100,"contractAddress":"0x9C1dA9A04925bDfDedf0f6421bC7EEa8305F9002","disputeID":"177"}	{"appealPeriodEnd": "1701053365", "appealPeriodStart": "1700858965"}
{"blockNumber":31118947,"chainId":100,"contractAddress":"0x9C1dA9A04925bDfDedf0f6421bC7EEa8305F9002","disputeID":"165"}	{"appealPeriodEnd": "1701081310", "appealPeriodStart": "1700886910"}
{"blockNumber":31126383,"chainId":100,"contractAddress":"0x9C1dA9A04925bDfDedf0f6421bC7EEa8305F9002","disputeID":"160"}	{"appealPeriodEnd": "1701120190", "appealPeriodStart": "1700925790"}
{"blockNumber":31126497,"chainId":100,"contractAddress":"0x9C1dA9A04925bDfDedf0f6421bC7EEa8305F9002","disputeID":"170"}	{"appealPeriodEnd": "1701120810", "appealPeriodStart": "1700926410"}
{"blockNumber":31126497,"chainId":100,"contractAddress":"0x9C1dA9A04925bDfDedf0f6421bC7EEa8305F9002","disputeID":"174"}	{"appealPeriodEnd": "1701120810", "appealPeriodStart": "1700926410"}
{"blockNumber":31126497,"chainId":100,"contractAddress":"0x9C1dA9A04925bDfDedf0f6421bC7EEa8305F9002","disputeID":"176"}	{"appealPeriodEnd": "1701120810", "appealPeriodStart": "1700926410"}
{"blockNumber":31126556,"chainId":100,"contractAddress":"0x9C1dA9A04925bDfDedf0f6421bC7EEa8305F9002","disputeID":"180"}	{"appealPeriodEnd": "1701121135", "appealPeriodStart": "1700926735"}
{"blockNumber":31134251,"chainId":100,"contractAddress":"0x9C1dA9A04925bDfDedf0f6421bC7EEa8305F9002","disputeID":"166"}	{"appealPeriodEnd": "1701161665", "appealPeriodStart": "1700967265"}
{"blockNumber":31139778,"chainId":100,"contractAddress":"0x9C1dA9A04925bDfDedf0f6421bC7EEa8305F9002","disputeID":"162"}	{"appealPeriodEnd": "1701190715", "appealPeriodStart": "1700996315"}
{"blockNumber":31140127,"chainId":100,"contractAddress":"0x9C1dA9A04925bDfDedf0f6421bC7EEa8305F9002","disputeID":"167"}	{"appealPeriodEnd": "1701192555", "appealPeriodStart": "1700998155"}
{"blockNumber":31140244,"chainId":100,"contractAddress":"0x9C1dA9A04925bDfDedf0f6421bC7EEa8305F9002","disputeID":"172"}	{"appealPeriodEnd": "1701193170", "appealPeriodStart": "1700998770"}
{"blockNumber":31142483,"chainId":100,"contractAddress":"0x9C1dA9A04925bDfDedf0f6421bC7EEa8305F9002","disputeID":"163"}	{"appealPeriodEnd": "1701204945", "appealPeriodStart": "1701010545"}
{"blockNumber":31144093,"chainId":100,"contractAddress":"0x9C1dA9A04925bDfDedf0f6421bC7EEa8305F9002","disputeID":"177"}	{"appealPeriodEnd": "1701213445", "appealPeriodStart": "1701019045"}
{"blockNumber":31144152,"chainId":100,"contractAddress":"0x9C1dA9A04925bDfDedf0f6421bC7EEa8305F9002","disputeID":"169"}	{"appealPeriodEnd": "1701213760", "appealPeriodStart": "1701019360"}
{"blockNumber":31147442,"chainId":100,"contractAddress":"0x9C1dA9A04925bDfDedf0f6421bC7EEa8305F9002","disputeID":"181"}	{"appealPeriodEnd": "1701231070", "appealPeriodStart": "1701036670"}
{"blockNumber":31157312,"chainId":100,"contractAddress":"0x9C1dA9A04925bDfDedf0f6421bC7EEa8305F9002","disputeID":"161"}	{"appealPeriodEnd": "1701283075", "appealPeriodStart": "1701088675"}
{"blockNumber":31158041,"chainId":100,"contractAddress":"0x9C1dA9A04925bDfDedf0f6421bC7EEa8305F9002","disputeID":"171"}	{"appealPeriodEnd": "1701286880", "appealPeriodStart": "1701092480"}
{"blockNumber":31158138,"chainId":100,"contractAddress":"0x9C1dA9A04925bDfDedf0f6421bC7EEa8305F9002","disputeID":"174"}	{"appealPeriodEnd": "1701287420", "appealPeriodStart": "1701093020"}
{"blockNumber":31161293,"chainId":100,"contractAddress":"0x9C1dA9A04925bDfDedf0f6421bC7EEa8305F9002","disputeID":"167"}	{"appealPeriodEnd": "1701303985", "appealPeriodStart": "1701109585"}
{"blockNumber":31161293,"chainId":100,"contractAddress":"0x9C1dA9A04925bDfDedf0f6421bC7EEa8305F9002","disputeID":"172"}	{"appealPeriodEnd": "1701303985", "appealPeriodStart": "1701109585"}
{"blockNumber":31165886,"chainId":100,"contractAddress":"0x9C1dA9A04925bDfDedf0f6421bC7EEa8305F9002","disputeID":"166"}	{"appealPeriodEnd": "1701328055", "appealPeriodStart": "1701133655"}
{"blockNumber":31166827,"chainId":100,"contractAddress":"0x9C1dA9A04925bDfDedf0f6421bC7EEa8305F9002","disputeID":"168"}	{"appealPeriodEnd": "1701332995", "appealPeriodStart": "1701138595"}
{"blockNumber":31167028,"chainId":100,"contractAddress":"0x9C1dA9A04925bDfDedf0f6421bC7EEa8305F9002","disputeID":"178"}	{"appealPeriodEnd": "1701334050", "appealPeriodStart": "1701139650"}
{"blockNumber":31167088,"chainId":100,"contractAddress":"0x9C1dA9A04925bDfDedf0f6421bC7EEa8305F9002","disputeID":"164"}	{"appealPeriodEnd": "1701334365", "appealPeriodStart": "1701139965"}
{"blockNumber":31167267,"chainId":100,"contractAddress":"0x9C1dA9A04925bDfDedf0f6421bC7EEa8305F9002","disputeID":"179"}	{"appealPeriodEnd": "1701335310", "appealPeriodStart": "1701140910"}
{"blockNumber":31167362,"chainId":100,"contractAddress":"0x9C1dA9A04925bDfDedf0f6421bC7EEa8305F9002","disputeID":"175"}	{"appealPeriodEnd": "1701335805", "appealPeriodStart": "1701141405"}
{"blockNumber":31173548,"chainId":100,"contractAddress":"0x9C1dA9A04925bDfDedf0f6421bC7EEa8305F9002","disputeID":"169"}	{"appealPeriodEnd": "1701368420", "appealPeriodStart": "1701174020"}
{"blockNumber":31173912,"chainId":100,"contractAddress":"0x9C1dA9A04925bDfDedf0f6421bC7EEa8305F9002","disputeID":"163"}	{"appealPeriodEnd": "1701370335", "appealPeriodStart": "1701175935"}
{"blockNumber":31175385,"chainId":100,"contractAddress":"0x9C1dA9A04925bDfDedf0f6421bC7EEa8305F9002","disputeID":"173"}	{"appealPeriodEnd": "1701377990", "appealPeriodStart": "1701183590"}
{"blockNumber":31182254,"chainId":100,"contractAddress":"0x9C1dA9A04925bDfDedf0f6421bC7EEa8305F9002","disputeID":"182"}	{"appealPeriodEnd": "1701413940", "appealPeriodStart": "1701219540"}
{"blockNumber":31190165,"chainId":100,"contractAddress":"0x9C1dA9A04925bDfDedf0f6421bC7EEa8305F9002","disputeID":"167"}	{"appealPeriodEnd": "1701455485", "appealPeriodStart": "1701261085"}
{"blockNumber":31191476,"chainId":100,"contractAddress":"0x9C1dA9A04925bDfDedf0f6421bC7EEa8305F9002","disputeID":"160"}	{"appealPeriodEnd": "1701462425", "appealPeriodStart": "1701268025"}
{"blockNumber":31191536,"chainId":100,"contractAddress":"0x9C1dA9A04925bDfDedf0f6421bC7EEa8305F9002","disputeID":"170"}	{"appealPeriodEnd": "1701462740", "appealPeriodStart": "1701268340"}
{"blockNumber":31191536,"chainId":100,"contractAddress":"0x9C1dA9A04925bDfDedf0f6421bC7EEa8305F9002","disputeID":"180"}	{"appealPeriodEnd": "1701462740", "appealPeriodStart": "1701268340"}
{"blockNumber":31191597,"chainId":100,"contractAddress":"0x9C1dA9A04925bDfDedf0f6421bC7EEa8305F9002","disputeID":"176"}	{"appealPeriodEnd": "1701463055", "appealPeriodStart": "1701268655"}
{"blockNumber":31206655,"chainId":100,"contractAddress":"0x9C1dA9A04925bDfDedf0f6421bC7EEa8305F9002","disputeID":"181"}	{"appealPeriodEnd": "1701542295", "appealPeriodStart": "1701347895"}
{"blockNumber":31208328,"chainId":100,"contractAddress":"0x9C1dA9A04925bDfDedf0f6421bC7EEa8305F9002","disputeID":"162"}	{"appealPeriodEnd": "1701551130", "appealPeriodStart": "1701356730"}
{"blockNumber":31230096,"chainId":100,"contractAddress":"0x9C1dA9A04925bDfDedf0f6421bC7EEa8305F9002","disputeID":"161"}	{"appealPeriodEnd": "1701665850", "appealPeriodStart": "1701471450"}
{"blockNumber":31230096,"chainId":100,"contractAddress":"0x9C1dA9A04925bDfDedf0f6421bC7EEa8305F9002","disputeID":"172"}	{"appealPeriodEnd": "1701665850", "appealPeriodStart": "1701471450"}
{"blockNumber":31230945,"chainId":100,"contractAddress":"0x9C1dA9A04925bDfDedf0f6421bC7EEa8305F9002","disputeID":"182"}	{"appealPeriodEnd": "1701670290", "appealPeriodStart": "1701475890"}
{"blockNumber":31273278,"chainId":100,"contractAddress":"0x9C1dA9A04925bDfDedf0f6421bC7EEa8305F9002","disputeID":"177"}	{"appealPeriodEnd": "1702087260", "appealPeriodStart": "1701698460"}
{"blockNumber":31388143,"chainId":100,"contractAddress":"0x9C1dA9A04925bDfDedf0f6421bC7EEa8305F9002","disputeID":"198"}	{"appealPeriodEnd": "1702494365", "appealPeriodStart": "1702299965"}
{"blockNumber":31390701,"chainId":100,"contractAddress":"0x9C1dA9A04925bDfDedf0f6421bC7EEa8305F9002","disputeID":"195"}	{"appealPeriodEnd": "1702507865", "appealPeriodStart": "1702313465"}
{"blockNumber":31395897,"chainId":100,"contractAddress":"0x9C1dA9A04925bDfDedf0f6421bC7EEa8305F9002","disputeID":"196"}	{"appealPeriodEnd": "1702534935", "appealPeriodStart": "1702340535"}
{"blockNumber":31395897,"chainId":100,"contractAddress":"0x9C1dA9A04925bDfDedf0f6421bC7EEa8305F9002","disputeID":"197"}	{"appealPeriodEnd": "1702534935", "appealPeriodStart": "1702340535"}
{"blockNumber":31401510,"chainId":100,"contractAddress":"0x9C1dA9A04925bDfDedf0f6421bC7EEa8305F9002","disputeID":"174"}	{"appealPeriodEnd": "1702758685", "appealPeriodStart": "1702369885"}
{"blockNumber":31409868,"chainId":100,"contractAddress":"0x9C1dA9A04925bDfDedf0f6421bC7EEa8305F9002","disputeID":"166"}	{"appealPeriodEnd": "1702802435", "appealPeriodStart": "1702413635"}
{"blockNumber":31409868,"chainId":100,"contractAddress":"0x9C1dA9A04925bDfDedf0f6421bC7EEa8305F9002","disputeID":"168"}	{"appealPeriodEnd": "1702802435", "appealPeriodStart": "1702413635"}
{"blockNumber":31409868,"chainId":100,"contractAddress":"0x9C1dA9A04925bDfDedf0f6421bC7EEa8305F9002","disputeID":"175"}	{"appealPeriodEnd": "1702802435", "appealPeriodStart": "1702413635"}
{"blockNumber":31409950,"chainId":100,"contractAddress":"0x9C1dA9A04925bDfDedf0f6421bC7EEa8305F9002","disputeID":"178"}	{"appealPeriodEnd": "1702802855", "appealPeriodStart": "1702414055"}
{"blockNumber":31414299,"chainId":100,"contractAddress":"0x9C1dA9A04925bDfDedf0f6421bC7EEa8305F9002","disputeID":"163"}	{"appealPeriodEnd": "1702825465", "appealPeriodStart": "1702436665"}
{"blockNumber":31414299,"chainId":100,"contractAddress":"0x9C1dA9A04925bDfDedf0f6421bC7EEa8305F9002","disputeID":"169"}	{"appealPeriodEnd": "1702825465", "appealPeriodStart": "1702436665"}
{"blockNumber":31414299,"chainId":100,"contractAddress":"0x9C1dA9A04925bDfDedf0f6421bC7EEa8305F9002","disputeID":"173"}	{"appealPeriodEnd": "1702825465", "appealPeriodStart": "1702436665"}
{"blockNumber":31429768,"chainId":100,"contractAddress":"0x9C1dA9A04925bDfDedf0f6421bC7EEa8305F9002","disputeID":"180"}	{"appealPeriodEnd": "1702906070", "appealPeriodStart": "1702517270"}
{"blockNumber":31430560,"chainId":100,"contractAddress":"0x9C1dA9A04925bDfDedf0f6421bC7EEa8305F9002","disputeID":"160"}	{"appealPeriodEnd": "1702910185", "appealPeriodStart": "1702521385"}
{"blockNumber":31430560,"chainId":100,"contractAddress":"0x9C1dA9A04925bDfDedf0f6421bC7EEa8305F9002","disputeID":"167"}	{"appealPeriodEnd": "1702910185", "appealPeriodStart": "1702521385"}
{"blockNumber":31430560,"chainId":100,"contractAddress":"0x9C1dA9A04925bDfDedf0f6421bC7EEa8305F9002","disputeID":"170"}	{"appealPeriodEnd": "1702910185", "appealPeriodStart": "1702521385"}
{"blockNumber":31534827,"chainId":100,"contractAddress":"0x9C1dA9A04925bDfDedf0f6421bC7EEa8305F9002","disputeID":"177"}	{"appealPeriodEnd": "1703456985", "appealPeriodStart": "1703068185"}
{"blockNumber":31536667,"chainId":100,"contractAddress":"0x9C1dA9A04925bDfDedf0f6421bC7EEa8305F9002","disputeID":"174"}	{"appealPeriodEnd": "1703466575", "appealPeriodStart": "1703077775"}
{"blockNumber":31635187,"chainId":100,"contractAddress":"0x9C1dA9A04925bDfDedf0f6421bC7EEa8305F9002","disputeID":"178"}	{"appealPeriodEnd": "1703983280", "appealPeriodStart": "1703594480"}
{"blockNumber":31637772,"chainId":100,"contractAddress":"0x9C1dA9A04925bDfDedf0f6421bC7EEa8305F9002","disputeID":"169"}	{"appealPeriodEnd": "1703996945", "appealPeriodStart": "1703608145"}
{"blockNumber":31637772,"chainId":100,"contractAddress":"0x9C1dA9A04925bDfDedf0f6421bC7EEa8305F9002","disputeID":"173"}	{"appealPeriodEnd": "1703996945", "appealPeriodStart": "1703608145"}
{"blockNumber":31655821,"chainId":100,"contractAddress":"0x9C1dA9A04925bDfDedf0f6421bC7EEa8305F9002","disputeID":"163"}	{"appealPeriodEnd": "1704092415", "appealPeriodStart": "1703703615"}
{"blockNumber":31668006,"chainId":100,"contractAddress":"0x9C1dA9A04925bDfDedf0f6421bC7EEa8305F9002","disputeID":"166"}	{"appealPeriodEnd": "1704157025", "appealPeriodStart": "1703768225"}
{"blockNumber":31669225,"chainId":100,"contractAddress":"0x9C1dA9A04925bDfDedf0f6421bC7EEa8305F9002","disputeID":"168"}	{"appealPeriodEnd": "1704163515", "appealPeriodStart": "1703774715"}
{"blockNumber":31672124,"chainId":100,"contractAddress":"0x9C1dA9A04925bDfDedf0f6421bC7EEa8305F9002","disputeID":"160"}	{"appealPeriodEnd": "1704178925", "appealPeriodStart": "1703790125"}
{"blockNumber":31674751,"chainId":100,"contractAddress":"0x9C1dA9A04925bDfDedf0f6421bC7EEa8305F9002","disputeID":"175"}	{"appealPeriodEnd": "1704192810", "appealPeriodStart": "1703804010"}
{"blockNumber":31973999,"chainId":100,"contractAddress":"0x9C1dA9A04925bDfDedf0f6421bC7EEa8305F9002","disputeID":"200"}	{"appealPeriodEnd": "1705606430", "appealPeriodStart": "1705412030"}
{"blockNumber":32028860,"chainId":100,"contractAddress":"0x9C1dA9A04925bDfDedf0f6421bC7EEa8305F9002","disputeID":"201"}	{"appealPeriodEnd": "1705895460", "appealPeriodStart": "1705701060"}
{"blockNumber":32040670,"chainId":100,"contractAddress":"0x9C1dA9A04925bDfDedf0f6421bC7EEa8305F9002","disputeID":"204"}	{"appealPeriodEnd": "1705957140", "appealPeriodStart": "1705762740"}
{"blockNumber":32072446,"chainId":100,"contractAddress":"0x9C1dA9A04925bDfDedf0f6421bC7EEa8305F9002","disputeID":"210"}	{"appealPeriodEnd": "1706124925", "appealPeriodStart": "1705930525"}
{"blockNumber":32094270,"chainId":100,"contractAddress":"0x9C1dA9A04925bDfDedf0f6421bC7EEa8305F9002","disputeID":"206"}	{"appealPeriodEnd": "1706240665", "appealPeriodStart": "1706046265"}
{"blockNumber":32103126,"chainId":100,"contractAddress":"0x9C1dA9A04925bDfDedf0f6421bC7EEa8305F9002","disputeID":"201"}	{"appealPeriodEnd": "1706287100", "appealPeriodStart": "1706092700"}
{"blockNumber":32135949,"chainId":100,"contractAddress":"0x9C1dA9A04925bDfDedf0f6421bC7EEa8305F9002","disputeID":"211"}	{"appealPeriodEnd": "1706460270", "appealPeriodStart": "1706265870"}
{"blockNumber":32135949,"chainId":100,"contractAddress":"0x9C1dA9A04925bDfDedf0f6421bC7EEa8305F9002","disputeID":"212"}	{"appealPeriodEnd": "1706460270", "appealPeriodStart": "1706265870"}
{"blockNumber":32135949,"chainId":100,"contractAddress":"0x9C1dA9A04925bDfDedf0f6421bC7EEa8305F9002","disputeID":"213"}	{"appealPeriodEnd": "1706460270", "appealPeriodStart": "1706265870"}
{"blockNumber":32178164,"chainId":100,"contractAddress":"0x9C1dA9A04925bDfDedf0f6421bC7EEa8305F9002","disputeID":"214"}	{"appealPeriodEnd": "1706683115", "appealPeriodStart": "1706488715"}
{"blockNumber":32184728,"chainId":100,"contractAddress":"0x9C1dA9A04925bDfDedf0f6421bC7EEa8305F9002","disputeID":"215"}	{"appealPeriodEnd": "1706717475", "appealPeriodStart": "1706523075"}
{"blockNumber":32350016,"chainId":100,"contractAddress":"0x9C1dA9A04925bDfDedf0f6421bC7EEa8305F9002","disputeID":"221"}	{"appealPeriodEnd": "1707593950", "appealPeriodStart": "1707399550"}
{"blockNumber":32350075,"chainId":100,"contractAddress":"0x9C1dA9A04925bDfDedf0f6421bC7EEa8305F9002","disputeID":"222"}	{"appealPeriodEnd": "1707594270", "appealPeriodStart": "1707399870"}
{"blockNumber":32356715,"chainId":100,"contractAddress":"0x9C1dA9A04925bDfDedf0f6421bC7EEa8305F9002","disputeID":"224"}	{"appealPeriodEnd": "1707629260", "appealPeriodStart": "1707434860"}
{"blockNumber":32359223,"chainId":100,"contractAddress":"0x9C1dA9A04925bDfDedf0f6421bC7EEa8305F9002","disputeID":"223"}	{"appealPeriodEnd": "1707642445", "appealPeriodStart": "1707448045"}
{"blockNumber":32373733,"chainId":100,"contractAddress":"0x9C1dA9A04925bDfDedf0f6421bC7EEa8305F9002","disputeID":"228"}	{"appealPeriodEnd": "1707718350", "appealPeriodStart": "1707523950"}
{"blockNumber":32383367,"chainId":100,"contractAddress":"0x9C1dA9A04925bDfDedf0f6421bC7EEa8305F9002","disputeID":"226"}	{"appealPeriodEnd": "1707768995", "appealPeriodStart": "1707574595"}
{"blockNumber":32383367,"chainId":100,"contractAddress":"0x9C1dA9A04925bDfDedf0f6421bC7EEa8305F9002","disputeID":"227"}	{"appealPeriodEnd": "1707768995", "appealPeriodStart": "1707574595"}
{"blockNumber":32390512,"chainId":100,"contractAddress":"0x9C1dA9A04925bDfDedf0f6421bC7EEa8305F9002","disputeID":"231"}	{"appealPeriodEnd": "1707806580", "appealPeriodStart": "1707612180"}
{"blockNumber":32418524,"chainId":100,"contractAddress":"0x9C1dA9A04925bDfDedf0f6421bC7EEa8305F9002","disputeID":"232"}	{"appealPeriodEnd": "1707953675", "appealPeriodStart": "1707759275"}
{"blockNumber":32423890,"chainId":100,"contractAddress":"0x9C1dA9A04925bDfDedf0f6421bC7EEa8305F9002","disputeID":"230"}	{"appealPeriodEnd": "1707981925", "appealPeriodStart": "1707787525"}
{"blockNumber":32458672,"chainId":100,"contractAddress":"0x9C1dA9A04925bDfDedf0f6421bC7EEa8305F9002","disputeID":"233"}	{"appealPeriodEnd": "1708165250", "appealPeriodStart": "1707970850"}
{"blockNumber":32793996,"chainId":100,"contractAddress":"0x9C1dA9A04925bDfDedf0f6421bC7EEa8305F9002","disputeID":"237"}	{"appealPeriodEnd": "1709925375", "appealPeriodStart": "1709730975"}
{"blockNumber":32813856,"chainId":100,"contractAddress":"0x9C1dA9A04925bDfDedf0f6421bC7EEa8305F9002","disputeID":"238"}	{"appealPeriodEnd": "1710028410", "appealPeriodStart": "1709834010"}
{"blockNumber":32859272,"chainId":100,"contractAddress":"0x9C1dA9A04925bDfDedf0f6421bC7EEa8305F9002","disputeID":"240"}	{"appealPeriodEnd": "1710265045", "appealPeriodStart": "1710070645"}
{"blockNumber":32871173,"chainId":100,"contractAddress":"0x9C1dA9A04925bDfDedf0f6421bC7EEa8305F9002","disputeID":"242"}	{"appealPeriodEnd": "1710326740", "appealPeriodStart": "1710132340"}
{"blockNumber":32877767,"chainId":100,"contractAddress":"0x9C1dA9A04925bDfDedf0f6421bC7EEa8305F9002","disputeID":"237"}	{"appealPeriodEnd": "1710360990", "appealPeriodStart": "1710166590"}
{"blockNumber":32895772,"chainId":100,"contractAddress":"0x9C1dA9A04925bDfDedf0f6421bC7EEa8305F9002","disputeID":"243"}	{"appealPeriodEnd": "1710455820", "appealPeriodStart": "1710261420"}
{"blockNumber":32927914,"chainId":100,"contractAddress":"0x9C1dA9A04925bDfDedf0f6421bC7EEa8305F9002","disputeID":"244"}	{"appealPeriodEnd": "1710623875", "appealPeriodStart": "1710429475"}
{"blockNumber":32964070,"chainId":100,"contractAddress":"0x9C1dA9A04925bDfDedf0f6421bC7EEa8305F9002","disputeID":"250"}	{"appealPeriodEnd": "1710811550", "appealPeriodStart": "1710617150"}
{"blockNumber":33008900,"chainId":100,"contractAddress":"0x9C1dA9A04925bDfDedf0f6421bC7EEa8305F9002","disputeID":"253"}	{"appealPeriodEnd": "1711046025", "appealPeriodStart": "1710851625"}
{"blockNumber":33049317,"chainId":100,"contractAddress":"0x9C1dA9A04925bDfDedf0f6421bC7EEa8305F9002","disputeID":"254"}	{"appealPeriodEnd": "1711257970", "appealPeriodStart": "1711063570"}
{"blockNumber":33049317,"chainId":100,"contractAddress":"0x9C1dA9A04925bDfDedf0f6421bC7EEa8305F9002","disputeID":"255"}	{"appealPeriodEnd": "1711257970", "appealPeriodStart": "1711063570"}
{"blockNumber":33049317,"chainId":100,"contractAddress":"0x9C1dA9A04925bDfDedf0f6421bC7EEa8305F9002","disputeID":"256"}	{"appealPeriodEnd": "1711257970", "appealPeriodStart": "1711063570"}
{"blockNumber":33049317,"chainId":100,"contractAddress":"0x9C1dA9A04925bDfDedf0f6421bC7EEa8305F9002","disputeID":"257"}	{"appealPeriodEnd": "1711257970", "appealPeriodStart": "1711063570"}
{"blockNumber":33049317,"chainId":100,"contractAddress":"0x9C1dA9A04925bDfDedf0f6421bC7EEa8305F9002","disputeID":"258"}	{"appealPeriodEnd": "1711257970", "appealPeriodStart": "1711063570"}
{"blockNumber":33049317,"chainId":100,"contractAddress":"0x9C1dA9A04925bDfDedf0f6421bC7EEa8305F9002","disputeID":"259"}	{"appealPeriodEnd": "1711257970", "appealPeriodStart": "1711063570"}
{"blockNumber":33059319,"chainId":100,"contractAddress":"0x9C1dA9A04925bDfDedf0f6421bC7EEa8305F9002","disputeID":"261"}	{"appealPeriodEnd": "1711310280", "appealPeriodStart": "1711115880"}
{"blockNumber":33059442,"chainId":100,"contractAddress":"0x9C1dA9A04925bDfDedf0f6421bC7EEa8305F9002","disputeID":"253"}	{"appealPeriodEnd": "1711310910", "appealPeriodStart": "1711116510"}
{"blockNumber":33059442,"chainId":100,"contractAddress":"0x9C1dA9A04925bDfDedf0f6421bC7EEa8305F9002","disputeID":"260"}	{"appealPeriodEnd": "1711310910", "appealPeriodStart": "1711116510"}
{"blockNumber":33060822,"chainId":100,"contractAddress":"0x9C1dA9A04925bDfDedf0f6421bC7EEa8305F9002","disputeID":"262"}	{"appealPeriodEnd": "1711318105", "appealPeriodStart": "1711123705"}
{"blockNumber":33060822,"chainId":100,"contractAddress":"0x9C1dA9A04925bDfDedf0f6421bC7EEa8305F9002","disputeID":"263"}	{"appealPeriodEnd": "1711318105", "appealPeriodStart": "1711123705"}
{"blockNumber":31999116,"chainId":100,"contractAddress":"0x9C1dA9A04925bDfDedf0f6421bC7EEa8305F9002","disputeID":"202"}	{"appealPeriodEnd": "1705739800", "appealPeriodStart": "1705545400"}
{"blockNumber":32041084,"chainId":100,"contractAddress":"0x9C1dA9A04925bDfDedf0f6421bC7EEa8305F9002","disputeID":"203"}	{"appealPeriodEnd": "1705959290", "appealPeriodStart": "1705764890"}
{"blockNumber":33009308,"chainId":100,"contractAddress":"0x9C1dA9A04925bDfDedf0f6421bC7EEa8305F9002","disputeID":"251"}	{"appealPeriodEnd": "1711048170", "appealPeriodStart": "1710853770"}
{"blockNumber":32070875,"chainId":100,"contractAddress":"0x9C1dA9A04925bDfDedf0f6421bC7EEa8305F9002","disputeID":"207"}	{"appealPeriodEnd": "1706116505", "appealPeriodStart": "1705922105"}
{"blockNumber":32088223,"chainId":100,"contractAddress":"0x9C1dA9A04925bDfDedf0f6421bC7EEa8305F9002","disputeID":"209"}	{"appealPeriodEnd": "1706208550", "appealPeriodStart": "1706014150"}
{"blockNumber":32251742,"chainId":100,"contractAddress":"0x9C1dA9A04925bDfDedf0f6421bC7EEa8305F9002","disputeID":"218"}	{"appealPeriodEnd": "1707070765", "appealPeriodStart": "1706876365"}
{"blockNumber":32934319,"chainId":100,"contractAddress":"0x9C1dA9A04925bDfDedf0f6421bC7EEa8305F9002","disputeID":"248"}	{"appealPeriodEnd": "1710657320", "appealPeriodStart": "1710462920"}
{"blockNumber":32945243,"chainId":100,"contractAddress":"0x9C1dA9A04925bDfDedf0f6421bC7EEa8305F9002","disputeID":"249"}	{"appealPeriodEnd": "1710713975", "appealPeriodStart": "1710519575"}
{"blockNumber":32964128,"chainId":100,"contractAddress":"0x9C1dA9A04925bDfDedf0f6421bC7EEa8305F9002","disputeID":"245"}	{"appealPeriodEnd": "1710811855", "appealPeriodStart": "1710617455"}
{"blockNumber":32964128,"chainId":100,"contractAddress":"0x9C1dA9A04925bDfDedf0f6421bC7EEa8305F9002","disputeID":"247"}	{"appealPeriodEnd": "1710811855", "appealPeriodStart": "1710617455"}
{"blockNumber":32978309,"chainId":100,"contractAddress":"0x9C1dA9A04925bDfDedf0f6421bC7EEa8305F9002","disputeID":"246"}	{"appealPeriodEnd": "1710886085", "appealPeriodStart": "1710691685"}
{"blockNumber":33092503,"chainId":100,"contractAddress":"0x9C1dA9A04925bDfDedf0f6421bC7EEa8305F9002","disputeID":"264"}	{"appealPeriodEnd": "1711484360", "appealPeriodStart": "1711289960"}
{"blockNumber":33301324,"chainId":100,"contractAddress":"0x9C1dA9A04925bDfDedf0f6421bC7EEa8305F9002","disputeID":"270"}	{"appealPeriodEnd": "1712577550", "appealPeriodStart": "1712383150"}
{"blockNumber":33313351,"chainId":100,"contractAddress":"0x9C1dA9A04925bDfDedf0f6421bC7EEa8305F9002","disputeID":"271"}	{"appealPeriodEnd": "1712640790", "appealPeriodStart": "1712446390"}
{"blockNumber":33553385,"chainId":100,"contractAddress":"0x9C1dA9A04925bDfDedf0f6421bC7EEa8305F9002","disputeID":"294"}	{"appealPeriodEnd": "1713884610", "appealPeriodStart": "1713690210"}
{"blockNumber":33555340,"chainId":100,"contractAddress":"0x9C1dA9A04925bDfDedf0f6421bC7EEa8305F9002","disputeID":"295"}	{"appealPeriodEnd": "1713894805", "appealPeriodStart": "1713700405"}
{"blockNumber":33555340,"chainId":100,"contractAddress":"0x9C1dA9A04925bDfDedf0f6421bC7EEa8305F9002","disputeID":"296"}	{"appealPeriodEnd": "1713894805", "appealPeriodStart": "1713700405"}
{"blockNumber":33558306,"chainId":100,"contractAddress":"0x9C1dA9A04925bDfDedf0f6421bC7EEa8305F9002","disputeID":"293"}	{"appealPeriodEnd": "1713910150", "appealPeriodStart": "1713715750"}
{"blockNumber":33591594,"chainId":100,"contractAddress":"0x9C1dA9A04925bDfDedf0f6421bC7EEa8305F9002","disputeID":"299"}	{"appealPeriodEnd": "1714082690", "appealPeriodStart": "1713888290"}
{"blockNumber":33591594,"chainId":100,"contractAddress":"0x9C1dA9A04925bDfDedf0f6421bC7EEa8305F9002","disputeID":"297"}	{"appealPeriodEnd": "1714082690", "appealPeriodStart": "1713888290"}
{"blockNumber":33591594,"chainId":100,"contractAddress":"0x9C1dA9A04925bDfDedf0f6421bC7EEa8305F9002","disputeID":"298"}	{"appealPeriodEnd": "1714082690", "appealPeriodStart": "1713888290"}
{"blockNumber":33593985,"chainId":100,"contractAddress":"0x9C1dA9A04925bDfDedf0f6421bC7EEa8305F9002","disputeID":"302"}	{"appealPeriodEnd": "1714095110", "appealPeriodStart": "1713900710"}
{"blockNumber":33593985,"chainId":100,"contractAddress":"0x9C1dA9A04925bDfDedf0f6421bC7EEa8305F9002","disputeID":"301"}	{"appealPeriodEnd": "1714095110", "appealPeriodStart": "1713900710"}
{"blockNumber":33594043,"chainId":100,"contractAddress":"0x9C1dA9A04925bDfDedf0f6421bC7EEa8305F9002","disputeID":"304"}	{"appealPeriodEnd": "1714095420", "appealPeriodStart": "1713901020"}
{"blockNumber":33595965,"chainId":100,"contractAddress":"0x9C1dA9A04925bDfDedf0f6421bC7EEa8305F9002","disputeID":"291"}	{"appealPeriodEnd": "1714105395", "appealPeriodStart": "1713910995"}
{"blockNumber":33595965,"chainId":100,"contractAddress":"0x9C1dA9A04925bDfDedf0f6421bC7EEa8305F9002","disputeID":"292"}	{"appealPeriodEnd": "1714105395", "appealPeriodStart": "1713910995"}
{"blockNumber":33605377,"chainId":100,"contractAddress":"0x9C1dA9A04925bDfDedf0f6421bC7EEa8305F9002","disputeID":"303"}	{"appealPeriodEnd": "1714154035", "appealPeriodStart": "1713959635"}
{"blockNumber":33625788,"chainId":100,"contractAddress":"0x9C1dA9A04925bDfDedf0f6421bC7EEa8305F9002","disputeID":"306"}	{"appealPeriodEnd": "1714259470", "appealPeriodStart": "1714065070"}
{"blockNumber":33640826,"chainId":100,"contractAddress":"0x9C1dA9A04925bDfDedf0f6421bC7EEa8305F9002","disputeID":"310"}	{"appealPeriodEnd": "1714337135", "appealPeriodStart": "1714142735"}
{"blockNumber":33643942,"chainId":100,"contractAddress":"0x9C1dA9A04925bDfDedf0f6421bC7EEa8305F9002","disputeID":"313"}	{"appealPeriodEnd": "1714353275", "appealPeriodStart": "1714158875"}
{"blockNumber":33655714,"chainId":100,"contractAddress":"0x9C1dA9A04925bDfDedf0f6421bC7EEa8305F9002","disputeID":"305"}	{"appealPeriodEnd": "1714414090", "appealPeriodStart": "1714219690"}
{"blockNumber":33714393,"chainId":100,"contractAddress":"0x9C1dA9A04925bDfDedf0f6421bC7EEa8305F9002","disputeID":"322"}	{"appealPeriodEnd": "1714717630", "appealPeriodStart": "1714523230"}
{"blockNumber":33714393,"chainId":100,"contractAddress":"0x9C1dA9A04925bDfDedf0f6421bC7EEa8305F9002","disputeID":"319"}	{"appealPeriodEnd": "1714717630", "appealPeriodStart": "1714523230"}
{"blockNumber":33714393,"chainId":100,"contractAddress":"0x9C1dA9A04925bDfDedf0f6421bC7EEa8305F9002","disputeID":"320"}	{"appealPeriodEnd": "1714717630", "appealPeriodStart": "1714523230"}
{"blockNumber":33096475,"chainId":100,"contractAddress":"0x9C1dA9A04925bDfDedf0f6421bC7EEa8305F9002","disputeID":"266"}	{"appealPeriodEnd": "1711504990", "appealPeriodStart": "1711310590"}
{"blockNumber":33106416,"chainId":100,"contractAddress":"0x9C1dA9A04925bDfDedf0f6421bC7EEa8305F9002","disputeID":"265"}	{"appealPeriodEnd": "1711557040", "appealPeriodStart": "1711362640"}
{"blockNumber":33108284,"chainId":100,"contractAddress":"0x9C1dA9A04925bDfDedf0f6421bC7EEa8305F9002","disputeID":"267"}	{"appealPeriodEnd": "1711566850", "appealPeriodStart": "1711372450"}
{"blockNumber":33330337,"chainId":100,"contractAddress":"0x9C1dA9A04925bDfDedf0f6421bC7EEa8305F9002","disputeID":"272"}	{"appealPeriodEnd": "1712729320", "appealPeriodStart": "1712534920"}
{"blockNumber":33379616,"chainId":100,"contractAddress":"0x9C1dA9A04925bDfDedf0f6421bC7EEa8305F9002","disputeID":"273"}	{"appealPeriodEnd": "1712985695", "appealPeriodStart": "1712791295"}
{"blockNumber":33405859,"chainId":100,"contractAddress":"0x9C1dA9A04925bDfDedf0f6421bC7EEa8305F9002","disputeID":"285"}	{"appealPeriodEnd": "1713120390", "appealPeriodStart": "1712925990"}
{"blockNumber":33405859,"chainId":100,"contractAddress":"0x9C1dA9A04925bDfDedf0f6421bC7EEa8305F9002","disputeID":"279"}	{"appealPeriodEnd": "1713120390", "appealPeriodStart": "1712925990"}
{"blockNumber":33410135,"chainId":100,"contractAddress":"0x9C1dA9A04925bDfDedf0f6421bC7EEa8305F9002","disputeID":"286"}	{"appealPeriodEnd": "1713142580", "appealPeriodStart": "1712948180"}
{"blockNumber":33543831,"chainId":100,"contractAddress":"0x9C1dA9A04925bDfDedf0f6421bC7EEa8305F9002","disputeID":"290"}	{"appealPeriodEnd": "1713834410", "appealPeriodStart": "1713640010"}
{"blockNumber":33543831,"chainId":100,"contractAddress":"0x9C1dA9A04925bDfDedf0f6421bC7EEa8305F9002","disputeID":"289"}	{"appealPeriodEnd": "1713834410", "appealPeriodStart": "1713640010"}
{"blockNumber":33591656,"chainId":100,"contractAddress":"0x9C1dA9A04925bDfDedf0f6421bC7EEa8305F9002","disputeID":"300"}	{"appealPeriodEnd": "1714083010", "appealPeriodStart": "1713888610"}
{"blockNumber":33639032,"chainId":100,"contractAddress":"0x9C1dA9A04925bDfDedf0f6421bC7EEa8305F9002","disputeID":"308"}	{"appealPeriodEnd": "1714327885", "appealPeriodStart": "1714133485"}
{"blockNumber":33640764,"chainId":100,"contractAddress":"0x9C1dA9A04925bDfDedf0f6421bC7EEa8305F9002","disputeID":"309"}	{"appealPeriodEnd": "1714336825", "appealPeriodStart": "1714142425"}
{"blockNumber":33640887,"chainId":100,"contractAddress":"0x9C1dA9A04925bDfDedf0f6421bC7EEa8305F9002","disputeID":"311"}	{"appealPeriodEnd": "1714337460", "appealPeriodStart": "1714143060"}
{"blockNumber":33692737,"chainId":100,"contractAddress":"0x9C1dA9A04925bDfDedf0f6421bC7EEa8305F9002","disputeID":"314"}	{"appealPeriodEnd": "1714605490", "appealPeriodStart": "1714411090"}
{"blockNumber":33692737,"chainId":100,"contractAddress":"0x9C1dA9A04925bDfDedf0f6421bC7EEa8305F9002","disputeID":"315"}	{"appealPeriodEnd": "1714605490", "appealPeriodStart": "1714411090"}
{"blockNumber":33694385,"chainId":100,"contractAddress":"0x9C1dA9A04925bDfDedf0f6421bC7EEa8305F9002","disputeID":"312"}	{"appealPeriodEnd": "1714614095", "appealPeriodStart": "1714419695"}
{"blockNumber":33695982,"chainId":100,"contractAddress":"0x9C1dA9A04925bDfDedf0f6421bC7EEa8305F9002","disputeID":"316"}	{"appealPeriodEnd": "1714622380", "appealPeriodStart": "1714427980"}
{"blockNumber":33739232,"chainId":100,"contractAddress":"0x9C1dA9A04925bDfDedf0f6421bC7EEa8305F9002","disputeID":"323"}	{"appealPeriodEnd": "1714846815", "appealPeriodStart": "1714652415"}
{"blockNumber":33354953,"chainId":100,"contractAddress":"0x9C1dA9A04925bDfDedf0f6421bC7EEa8305F9002","disputeID":"276"}	{"appealPeriodEnd": "1712857670", "appealPeriodStart": "1712663270"}
{"blockNumber":33362338,"chainId":100,"contractAddress":"0x9C1dA9A04925bDfDedf0f6421bC7EEa8305F9002","disputeID":"280"}	{"appealPeriodEnd": "1712896095", "appealPeriodStart": "1712701695"}
{"blockNumber":33362338,"chainId":100,"contractAddress":"0x9C1dA9A04925bDfDedf0f6421bC7EEa8305F9002","disputeID":"281"}	{"appealPeriodEnd": "1712896095", "appealPeriodStart": "1712701695"}
{"blockNumber":33362854,"chainId":100,"contractAddress":"0x9C1dA9A04925bDfDedf0f6421bC7EEa8305F9002","disputeID":"277"}	{"appealPeriodEnd": "1712898740", "appealPeriodStart": "1712704340"}
{"blockNumber":33372822,"chainId":100,"contractAddress":"0x9C1dA9A04925bDfDedf0f6421bC7EEa8305F9002","disputeID":"284"}	{"appealPeriodEnd": "1712950555", "appealPeriodStart": "1712756155"}
{"blockNumber":33386399,"chainId":100,"contractAddress":"0x9C1dA9A04925bDfDedf0f6421bC7EEa8305F9002","disputeID":"274"}	{"appealPeriodEnd": "1713020530", "appealPeriodStart": "1712826130"}
{"blockNumber":33391867,"chainId":100,"contractAddress":"0x9C1dA9A04925bDfDedf0f6421bC7EEa8305F9002","disputeID":"275"}	{"appealPeriodEnd": "1713048575", "appealPeriodStart": "1712854175"}
{"blockNumber":33405729,"chainId":100,"contractAddress":"0x9C1dA9A04925bDfDedf0f6421bC7EEa8305F9002","disputeID":"278"}	{"appealPeriodEnd": "1713119715", "appealPeriodStart": "1712925315"}
{"blockNumber":33405792,"chainId":100,"contractAddress":"0x9C1dA9A04925bDfDedf0f6421bC7EEa8305F9002","disputeID":"282"}	{"appealPeriodEnd": "1713120040", "appealPeriodStart": "1712925640"}
{"blockNumber":33405792,"chainId":100,"contractAddress":"0x9C1dA9A04925bDfDedf0f6421bC7EEa8305F9002","disputeID":"283"}	{"appealPeriodEnd": "1713120040", "appealPeriodStart": "1712925640"}
{"blockNumber":33444137,"chainId":100,"contractAddress":"0x9C1dA9A04925bDfDedf0f6421bC7EEa8305F9002","disputeID":"287"}	{"appealPeriodEnd": "1713317945", "appealPeriodStart": "1713123545"}
{"blockNumber":33691280,"chainId":100,"contractAddress":"0x9C1dA9A04925bDfDedf0f6421bC7EEa8305F9002","disputeID":"318"}	{"appealPeriodEnd": "1714597810", "appealPeriodStart": "1714403410"}
{"blockNumber":33695865,"chainId":100,"contractAddress":"0x9C1dA9A04925bDfDedf0f6421bC7EEa8305F9002","disputeID":"317"}	{"appealPeriodEnd": "1714621770", "appealPeriodStart": "1714427370"}
{"blockNumber":33706256,"chainId":100,"contractAddress":"0x9C1dA9A04925bDfDedf0f6421bC7EEa8305F9002","disputeID":"321"}	{"appealPeriodEnd": "1714675485", "appealPeriodStart": "1714481085"}
{"blockNumber":33543595,"chainId":100,"contractAddress":"0x9C1dA9A04925bDfDedf0f6421bC7EEa8305F9002","disputeID":"288"}	{"appealPeriodEnd": "1713930345", "appealPeriodStart": "1713638745"}
{"blockNumber":33631549,"chainId":100,"contractAddress":"0x9C1dA9A04925bDfDedf0f6421bC7EEa8305F9002","disputeID":"307"}	{"appealPeriodEnd": "1714386515", "appealPeriodStart": "1714094915"}
{"blockNumber":33757862,"chainId":100,"contractAddress":"0x9C1dA9A04925bDfDedf0f6421bC7EEa8305F9002","disputeID":"324"}	{"appealPeriodEnd": "1714943940", "appealPeriodStart": "1714749540"}
{"blockNumber":33779114,"chainId":100,"contractAddress":"0x9C1dA9A04925bDfDedf0f6421bC7EEa8305F9002","disputeID":"327"}	{"appealPeriodEnd": "1715053055", "appealPeriodStart": "1714858655"}
{"blockNumber":33779114,"chainId":100,"contractAddress":"0x9C1dA9A04925bDfDedf0f6421bC7EEa8305F9002","disputeID":"325"}	{"appealPeriodEnd": "1715053055", "appealPeriodStart": "1714858655"}
{"blockNumber":33797396,"chainId":100,"contractAddress":"0x9C1dA9A04925bDfDedf0f6421bC7EEa8305F9002","disputeID":"328"}	{"appealPeriodEnd": "1715146870", "appealPeriodStart": "1714952470"}
{"blockNumber":33822398,"chainId":100,"contractAddress":"0x9C1dA9A04925bDfDedf0f6421bC7EEa8305F9002","disputeID":"329"}	{"appealPeriodEnd": "1715275225", "appealPeriodStart": "1715080825"}
{"blockNumber":33822456,"chainId":100,"contractAddress":"0x9C1dA9A04925bDfDedf0f6421bC7EEa8305F9002","disputeID":"330"}	{"appealPeriodEnd": "1715275530", "appealPeriodStart": "1715081130"}
{"blockNumber":33824536,"chainId":100,"contractAddress":"0x9C1dA9A04925bDfDedf0f6421bC7EEa8305F9002","disputeID":"331"}	{"appealPeriodEnd": "1715286240", "appealPeriodStart": "1715091840"}
{"blockNumber":33933808,"chainId":100,"contractAddress":"0x9C1dA9A04925bDfDedf0f6421bC7EEa8305F9002","disputeID":"339"}	{"appealPeriodEnd": "1715849905", "appealPeriodStart": "1715655505"}
{"blockNumber":34469126,"chainId":100,"contractAddress":"0x9C1dA9A04925bDfDedf0f6421bC7EEa8305F9002","disputeID":"360"}	{"appealPeriodEnd": "1718609660", "appealPeriodStart": "1718415260"}
{"blockNumber":34729117,"chainId":100,"contractAddress":"0x9C1dA9A04925bDfDedf0f6421bC7EEa8305F9002","disputeID":"366"}	{"appealPeriodEnd": "1719953010", "appealPeriodStart": "1719758610"}
{"blockNumber":33757981,"chainId":100,"contractAddress":"0x9C1dA9A04925bDfDedf0f6421bC7EEa8305F9002","disputeID":"326"}	{"appealPeriodEnd": "1714944550", "appealPeriodStart": "1714750150"}
{"blockNumber":33881021,"chainId":100,"contractAddress":"0x9C1dA9A04925bDfDedf0f6421bC7EEa8305F9002","disputeID":"332"}	{"appealPeriodEnd": "1715576950", "appealPeriodStart": "1715382550"}
{"blockNumber":33881021,"chainId":100,"contractAddress":"0x9C1dA9A04925bDfDedf0f6421bC7EEa8305F9002","disputeID":"333"}	{"appealPeriodEnd": "1715576950", "appealPeriodStart": "1715382550"}
{"blockNumber":33881021,"chainId":100,"contractAddress":"0x9C1dA9A04925bDfDedf0f6421bC7EEa8305F9002","disputeID":"334"}	{"appealPeriodEnd": "1715576950", "appealPeriodStart": "1715382550"}
{"blockNumber":33893926,"chainId":100,"contractAddress":"0x9C1dA9A04925bDfDedf0f6421bC7EEa8305F9002","disputeID":"335"}	{"appealPeriodEnd": "1715643660", "appealPeriodStart": "1715449260"}
{"blockNumber":33896305,"chainId":100,"contractAddress":"0x9C1dA9A04925bDfDedf0f6421bC7EEa8305F9002","disputeID":"336"}	{"appealPeriodEnd": "1715655910", "appealPeriodStart": "1715461510"}
{"blockNumber":33919829,"chainId":100,"contractAddress":"0x9C1dA9A04925bDfDedf0f6421bC7EEa8305F9002","disputeID":"337"}	{"appealPeriodEnd": "1715777700", "appealPeriodStart": "1715583300"}
{"blockNumber":33920960,"chainId":100,"contractAddress":"0x9C1dA9A04925bDfDedf0f6421bC7EEa8305F9002","disputeID":"338"}	{"appealPeriodEnd": "1715783525", "appealPeriodStart": "1715589125"}
{"blockNumber":33949441,"chainId":100,"contractAddress":"0x9C1dA9A04925bDfDedf0f6421bC7EEa8305F9002","disputeID":"340"}	{"appealPeriodEnd": "1715930390", "appealPeriodStart": "1715735990"}
{"blockNumber":33977894,"chainId":100,"contractAddress":"0x9C1dA9A04925bDfDedf0f6421bC7EEa8305F9002","disputeID":"341"}	{"appealPeriodEnd": "1716076450", "appealPeriodStart": "1715882050"}
{"blockNumber":33991069,"chainId":100,"contractAddress":"0x9C1dA9A04925bDfDedf0f6421bC7EEa8305F9002","disputeID":"346"}	{"appealPeriodEnd": "1716144275", "appealPeriodStart": "1715949875"}
{"blockNumber":33999606,"chainId":100,"contractAddress":"0x9C1dA9A04925bDfDedf0f6421bC7EEa8305F9002","disputeID":"343"}	{"appealPeriodEnd": "1716188330", "appealPeriodStart": "1715993930"}
{"blockNumber":34012654,"chainId":100,"contractAddress":"0x9C1dA9A04925bDfDedf0f6421bC7EEa8305F9002","disputeID":"342"}	{"appealPeriodEnd": "1716255315", "appealPeriodStart": "1716060915"}
{"blockNumber":34012714,"chainId":100,"contractAddress":"0x9C1dA9A04925bDfDedf0f6421bC7EEa8305F9002","disputeID":"344"}	{"appealPeriodEnd": "1716255620", "appealPeriodStart": "1716061220"}
{"blockNumber":34012714,"chainId":100,"contractAddress":"0x9C1dA9A04925bDfDedf0f6421bC7EEa8305F9002","disputeID":"345"}	{"appealPeriodEnd": "1716255620", "appealPeriodStart": "1716061220"}
{"blockNumber":34012714,"chainId":100,"contractAddress":"0x9C1dA9A04925bDfDedf0f6421bC7EEa8305F9002","disputeID":"347"}	{"appealPeriodEnd": "1716255620", "appealPeriodStart": "1716061220"}
{"blockNumber":34190576,"chainId":100,"contractAddress":"0x9C1dA9A04925bDfDedf0f6421bC7EEa8305F9002","disputeID":"353"}	{"appealPeriodEnd": "1717172210", "appealPeriodStart": "1716977810"}
{"blockNumber":34190576,"chainId":100,"contractAddress":"0x9C1dA9A04925bDfDedf0f6421bC7EEa8305F9002","disputeID":"354"}	{"appealPeriodEnd": "1717172210", "appealPeriodStart": "1716977810"}
{"blockNumber":34280606,"chainId":100,"contractAddress":"0x9C1dA9A04925bDfDedf0f6421bC7EEa8305F9002","disputeID":"356"}	{"appealPeriodEnd": "1717635880", "appealPeriodStart": "1717441480"}
{"blockNumber":34284737,"chainId":100,"contractAddress":"0x9C1dA9A04925bDfDedf0f6421bC7EEa8305F9002","disputeID":"355"}	{"appealPeriodEnd": "1717657135", "appealPeriodStart": "1717462735"}
{"blockNumber":34393461,"chainId":100,"contractAddress":"0x9C1dA9A04925bDfDedf0f6421bC7EEa8305F9002","disputeID":"358"}	{"appealPeriodEnd": "1718220135", "appealPeriodStart": "1718025735"}
{"blockNumber":34409554,"chainId":100,"contractAddress":"0x9C1dA9A04925bDfDedf0f6421bC7EEa8305F9002","disputeID":"359"}	{"appealPeriodEnd": "1718303305", "appealPeriodStart": "1718108905"}
{"blockNumber":34541049,"chainId":100,"contractAddress":"0x9C1dA9A04925bDfDedf0f6421bC7EEa8305F9002","disputeID":"362"}	{"appealPeriodEnd": "1718980650", "appealPeriodStart": "1718786250"}
{"blockNumber":34812373,"chainId":100,"contractAddress":"0x9C1dA9A04925bDfDedf0f6421bC7EEa8305F9002","disputeID":"372"}	{"appealPeriodEnd": "1720384095", "appealPeriodStart": "1720189695"}
{"blockNumber":34045440,"chainId":100,"contractAddress":"0x9C1dA9A04925bDfDedf0f6421bC7EEa8305F9002","disputeID":"348"}	{"appealPeriodEnd": "1716423585", "appealPeriodStart": "1716229185"}
{"blockNumber":34055526,"chainId":100,"contractAddress":"0x9C1dA9A04925bDfDedf0f6421bC7EEa8305F9002","disputeID":"349"}	{"appealPeriodEnd": "1716475525", "appealPeriodStart": "1716281125"}
{"blockNumber":34055526,"chainId":100,"contractAddress":"0x9C1dA9A04925bDfDedf0f6421bC7EEa8305F9002","disputeID":"351"}	{"appealPeriodEnd": "1716475525", "appealPeriodStart": "1716281125"}
{"blockNumber":34542456,"chainId":100,"contractAddress":"0x9C1dA9A04925bDfDedf0f6421bC7EEa8305F9002","disputeID":"361"}	{"appealPeriodEnd": "1719085130", "appealPeriodStart": "1718793530"}
{"blockNumber":34732765,"chainId":100,"contractAddress":"0x9C1dA9A04925bDfDedf0f6421bC7EEa8305F9002","disputeID":"365"}	{"appealPeriodEnd": "1720069020", "appealPeriodStart": "1719777420"}
{"blockNumber":36414474,"chainId":100,"contractAddress":"0x9C1dA9A04925bDfDedf0f6421bC7EEa8305F9002","disputeID":"410"}	{"appealPeriodEnd": "1728658855", "appealPeriodStart": "1728464455"}
{"blockNumber":36421411,"chainId":100,"contractAddress":"0x9C1dA9A04925bDfDedf0f6421bC7EEa8305F9002","disputeID":"413"}	{"appealPeriodEnd": "1728694510", "appealPeriodStart": "1728500110"}
{"blockNumber":36439095,"chainId":100,"contractAddress":"0x9C1dA9A04925bDfDedf0f6421bC7EEa8305F9002","disputeID":"408"}	{"appealPeriodEnd": "1728785910", "appealPeriodStart": "1728591510"}
{"blockNumber":36439095,"chainId":100,"contractAddress":"0x9C1dA9A04925bDfDedf0f6421bC7EEa8305F9002","disputeID":"409"}	{"appealPeriodEnd": "1728785910", "appealPeriodStart": "1728591510"}
{"blockNumber":36439154,"chainId":100,"contractAddress":"0x9C1dA9A04925bDfDedf0f6421bC7EEa8305F9002","disputeID":"411"}	{"appealPeriodEnd": "1728786220", "appealPeriodStart": "1728591820"}
{"blockNumber":36439212,"chainId":100,"contractAddress":"0x9C1dA9A04925bDfDedf0f6421bC7EEa8305F9002","disputeID":"412"}	{"appealPeriodEnd": "1728786520", "appealPeriodStart": "1728592120"}
{"blockNumber":36439212,"chainId":100,"contractAddress":"0x9C1dA9A04925bDfDedf0f6421bC7EEa8305F9002","disputeID":"414"}	{"appealPeriodEnd": "1728786520", "appealPeriodStart": "1728592120"}
{"blockNumber":36421471,"chainId":100,"contractAddress":"0x9C1dA9A04925bDfDedf0f6421bC7EEa8305F9002","disputeID":"415"}	{"appealPeriodEnd": "1728694815", "appealPeriodStart": "1728500415"}
{"blockNumber":36493483,"chainId":100,"contractAddress":"0x9C1dA9A04925bDfDedf0f6421bC7EEa8305F9002","disputeID":"422"}	{"appealPeriodEnd": "1729064945", "appealPeriodStart": "1728870545"}
{"blockNumber":36963806,"chainId":100,"contractAddress":"0x9C1dA9A04925bDfDedf0f6421bC7EEa8305F9002","disputeID":"432"}	{"appealPeriodEnd": "1731499495", "appealPeriodStart": "1731305095"}
{"blockNumber":36963806,"chainId":100,"contractAddress":"0x9C1dA9A04925bDfDedf0f6421bC7EEa8305F9002","disputeID":"433"}	{"appealPeriodEnd": "1731499495", "appealPeriodStart": "1731305095"}
{"blockNumber":36993059,"chainId":100,"contractAddress":"0x9C1dA9A04925bDfDedf0f6421bC7EEa8305F9002","disputeID":"435"}	{"appealPeriodEnd": "1731651135", "appealPeriodStart": "1731456735"}
{"blockNumber":36461986,"chainId":100,"contractAddress":"0x9C1dA9A04925bDfDedf0f6421bC7EEa8305F9002","disputeID":"421"}	{"appealPeriodEnd": "1728903235", "appealPeriodStart": "1728708835"}
{"blockNumber":36481678,"chainId":100,"contractAddress":"0x9C1dA9A04925bDfDedf0f6421bC7EEa8305F9002","disputeID":"419"}	{"appealPeriodEnd": "1729004340", "appealPeriodStart": "1728809940"}
{"blockNumber":36531933,"chainId":100,"contractAddress":"0x9C1dA9A04925bDfDedf0f6421bC7EEa8305F9002","disputeID":"423"}	{"appealPeriodEnd": "1729265050", "appealPeriodStart": "1729070650"}
{"blockNumber":37031614,"chainId":100,"contractAddress":"0x9C1dA9A04925bDfDedf0f6421bC7EEa8305F9002","disputeID":"437"}	{"appealPeriodEnd": "1731849635", "appealPeriodStart": "1731655235"}
{"blockNumber":37417579,"chainId":100,"contractAddress":"0x9C1dA9A04925bDfDedf0f6421bC7EEa8305F9002","disputeID":"439"}	{"appealPeriodEnd": "1733838435", "appealPeriodStart": "1733644035"}
{"blockNumber":37768459,"chainId":100,"contractAddress":"0x9C1dA9A04925bDfDedf0f6421bC7EEa8305F9002","disputeID":"445"}	{"appealPeriodEnd": "1735653805", "appealPeriodStart": "1735459405"}
{"blockNumber":36833625,"chainId":100,"contractAddress":"0x9C1dA9A04925bDfDedf0f6421bC7EEa8305F9002","disputeID":"428"}	{"appealPeriodEnd": "1730825620", "appealPeriodStart": "1730631220"}
{"blockNumber":36975304,"chainId":100,"contractAddress":"0x9C1dA9A04925bDfDedf0f6421bC7EEa8305F9002","disputeID":"434"}	{"appealPeriodEnd": "1731559265", "appealPeriodStart": "1731364865"}
{"blockNumber":37077770,"chainId":100,"contractAddress":"0x9C1dA9A04925bDfDedf0f6421bC7EEa8305F9002","disputeID":"436"}	{"appealPeriodEnd": "1732086830", "appealPeriodStart": "1731892430"}
{"blockNumber":37440669,"chainId":100,"contractAddress":"0x9C1dA9A04925bDfDedf0f6421bC7EEa8305F9002","disputeID":"440"}	{"appealPeriodEnd": "1733956940", "appealPeriodStart": "1733762540"}
{"blockNumber":37440669,"chainId":100,"contractAddress":"0x9C1dA9A04925bDfDedf0f6421bC7EEa8305F9002","disputeID":"441"}	{"appealPeriodEnd": "1733956940", "appealPeriodStart": "1733762540"}
{"blockNumber":37455145,"chainId":100,"contractAddress":"0x9C1dA9A04925bDfDedf0f6421bC7EEa8305F9002","disputeID":"442"}	{"appealPeriodEnd": "1734031495", "appealPeriodStart": "1733837095"}
{"blockNumber":37919918,"chainId":100,"contractAddress":"0x9C1dA9A04925bDfDedf0f6421bC7EEa8305F9002","disputeID":"446"}	{"appealPeriodEnd": "1736443125", "appealPeriodStart": "1736248725"}
{"blockNumber":37745380,"chainId":100,"contractAddress":"0x9C1dA9A04925bDfDedf0f6421bC7EEa8305F9002","disputeID":"444"}	{"appealPeriodEnd": "1735630815", "appealPeriodStart": "1735339215"}
{"blockNumber":37742483,"chainId":100,"contractAddress":"0x9C1dA9A04925bDfDedf0f6421bC7EEa8305F9002","disputeID":"443"}	{"appealPeriodEnd": "1735615675", "appealPeriodStart": "1735324075"}
{"blockNumber":38607730,"chainId":100,"contractAddress":"0x9C1dA9A04925bDfDedf0f6421bC7EEa8305F9002","disputeID":"449"}	{"appealPeriodEnd": "1739986065", "appealPeriodStart": "1739791665"}
{"blockNumber":38614958,"chainId":100,"contractAddress":"0x9C1dA9A04925bDfDedf0f6421bC7EEa8305F9002","disputeID":"448"}	{"appealPeriodEnd": "1740023420", "appealPeriodStart": "1739829020"}
{"blockNumber":39671411,"chainId":100,"contractAddress":"0x9C1dA9A04925bDfDedf0f6421bC7EEa8305F9002","disputeID":"455"}	{"appealPeriodEnd": "1745420365", "appealPeriodStart": "1745225965"}
{"blockNumber":38945480,"chainId":100,"contractAddress":"0x9C1dA9A04925bDfDedf0f6421bC7EEa8305F9002","disputeID":"450"}	{"appealPeriodEnd": "1741717370", "appealPeriodStart": "1741522970"}
{"blockNumber":35215720,"chainId":100,"contractAddress":"0x9C1dA9A04925bDfDedf0f6421bC7EEa8305F9002","disputeID":"385"}	{"appealPeriodEnd": "1722469070", "appealPeriodStart": "1722274670"}
{"blockNumber":35379027,"chainId":100,"contractAddress":"0x9C1dA9A04925bDfDedf0f6421bC7EEa8305F9002","disputeID":"389"}	{"appealPeriodEnd": "1723313635", "appealPeriodStart": "1723119235"}
{"blockNumber":36325680,"chainId":100,"contractAddress":"0x9C1dA9A04925bDfDedf0f6421bC7EEa8305F9002","disputeID":"407"}	{"appealPeriodEnd": "1728201540", "appealPeriodStart": "1728007140"}
{"blockNumber":35352732,"chainId":100,"contractAddress":"0x9C1dA9A04925bDfDedf0f6421bC7EEa8305F9002","disputeID":"387"}	{"appealPeriodEnd": "1723177100", "appealPeriodStart": "1722982700"}
{"blockNumber":35352909,"chainId":100,"contractAddress":"0x9C1dA9A04925bDfDedf0f6421bC7EEa8305F9002","disputeID":"388"}	{"appealPeriodEnd": "1723178015", "appealPeriodStart": "1722983615"}
{"blockNumber":35651732,"chainId":100,"contractAddress":"0x9C1dA9A04925bDfDedf0f6421bC7EEa8305F9002","disputeID":"399"}	{"appealPeriodEnd": "1724832625", "appealPeriodStart": "1724541025"}
{"blockNumber":36202510,"chainId":100,"contractAddress":"0x9C1dA9A04925bDfDedf0f6421bC7EEa8305F9002","disputeID":"404"}	{"appealPeriodEnd": "1727664940", "appealPeriodStart": "1727373340"}
{"blockNumber":36259330,"chainId":100,"contractAddress":"0x9C1dA9A04925bDfDedf0f6421bC7EEa8305F9002","disputeID":"406"}	{"appealPeriodEnd": "1727958230", "appealPeriodStart": "1727666630"}
{"blockNumber":39915391,"chainId":100,"contractAddress":"0x9C1dA9A04925bDfDedf0f6421bC7EEa8305F9002","disputeID":"456"}	{"appealPeriodEnd": "1746685215", "appealPeriodStart": "1746490815"}
{"blockNumber":40501022,"chainId":100,"contractAddress":"0x9C1dA9A04925bDfDedf0f6421bC7EEa8305F9002","disputeID":"462"}	{"appealPeriodEnd": "1749696435", "appealPeriodStart": "1749502035"}
{"blockNumber":40680505,"chainId":100,"contractAddress":"0x9C1dA9A04925bDfDedf0f6421bC7EEa8305F9002","disputeID":"465"}	{"appealPeriodEnd": "1750614755", "appealPeriodStart": "1750420355"}
{"blockNumber":40703421,"chainId":100,"contractAddress":"0x9C1dA9A04925bDfDedf0f6421bC7EEa8305F9002","disputeID":"467"}	{"appealPeriodEnd": "1750733525", "appealPeriodStart": "1750539125"}
{"blockNumber":40703426,"chainId":100,"contractAddress":"0x9C1dA9A04925bDfDedf0f6421bC7EEa8305F9002","disputeID":"468"}	{"appealPeriodEnd": "1750733550", "appealPeriodStart": "1750539150"}
{"blockNumber":40703438,"chainId":100,"contractAddress":"0x9C1dA9A04925bDfDedf0f6421bC7EEa8305F9002","disputeID":"471"}	{"appealPeriodEnd": "1750733610", "appealPeriodStart": "1750539210"}
{"blockNumber":40711493,"chainId":100,"contractAddress":"0x9C1dA9A04925bDfDedf0f6421bC7EEa8305F9002","disputeID":"469"}	{"appealPeriodEnd": "1750775215", "appealPeriodStart": "1750580815"}
{"blockNumber":40731829,"chainId":100,"contractAddress":"0x9C1dA9A04925bDfDedf0f6421bC7EEa8305F9002","disputeID":"466"}	{"appealPeriodEnd": "1750880700", "appealPeriodStart": "1750686300"}
{"blockNumber":40731940,"chainId":100,"contractAddress":"0x9C1dA9A04925bDfDedf0f6421bC7EEa8305F9002","disputeID":"470"}	{"appealPeriodEnd": "1750881270", "appealPeriodStart": "1750686870"}
{"blockNumber":40732419,"chainId":100,"contractAddress":"0x9C1dA9A04925bDfDedf0f6421bC7EEa8305F9002","disputeID":"472"}	{"appealPeriodEnd": "1750883740", "appealPeriodStart": "1750689340"}
{"blockNumber":40807485,"chainId":100,"contractAddress":"0x9C1dA9A04925bDfDedf0f6421bC7EEa8305F9002","disputeID":"477"}	{"appealPeriodEnd": "1751270695", "appealPeriodStart": "1751076295"}
{"blockNumber":40807601,"chainId":100,"contractAddress":"0x9C1dA9A04925bDfDedf0f6421bC7EEa8305F9002","disputeID":"480"}	{"appealPeriodEnd": "1751271280", "appealPeriodStart": "1751076880"}
{"blockNumber":40814541,"chainId":100,"contractAddress":"0x9C1dA9A04925bDfDedf0f6421bC7EEa8305F9002","disputeID":"479"}	{"appealPeriodEnd": "1751306855", "appealPeriodStart": "1751112455"}
{"blockNumber":40821975,"chainId":100,"contractAddress":"0x9C1dA9A04925bDfDedf0f6421bC7EEa8305F9002","disputeID":"482"}	{"appealPeriodEnd": "1751344630", "appealPeriodStart": "1751150230"}
{"blockNumber":40847881,"chainId":100,"contractAddress":"0x9C1dA9A04925bDfDedf0f6421bC7EEa8305F9002","disputeID":"478"}	{"appealPeriodEnd": "1751477310", "appealPeriodStart": "1751282910"}
{"blockNumber":40847890,"chainId":100,"contractAddress":"0x9C1dA9A04925bDfDedf0f6421bC7EEa8305F9002","disputeID":"481"}	{"appealPeriodEnd": "1751477355", "appealPeriodStart": "1751282955"}
{"blockNumber":40848094,"chainId":100,"contractAddress":"0x9C1dA9A04925bDfDedf0f6421bC7EEa8305F9002","disputeID":"484"}	{"appealPeriodEnd": "1751478380", "appealPeriodStart": "1751283980"}
{"blockNumber":40848465,"chainId":100,"contractAddress":"0x9C1dA9A04925bDfDedf0f6421bC7EEa8305F9002","disputeID":"483"}	{"appealPeriodEnd": "1751480290", "appealPeriodStart": "1751285890"}
{"blockNumber":40900828,"chainId":100,"contractAddress":"0x9C1dA9A04925bDfDedf0f6421bC7EEa8305F9002","disputeID":"486"}	{"appealPeriodEnd": "1751747550", "appealPeriodStart": "1751553150"}
{"blockNumber":40949080,"chainId":100,"contractAddress":"0x9C1dA9A04925bDfDedf0f6421bC7EEa8305F9002","disputeID":"488"}	{"appealPeriodEnd": "1751993855", "appealPeriodStart": "1751799455"}
{"blockNumber":40949131,"chainId":100,"contractAddress":"0x9C1dA9A04925bDfDedf0f6421bC7EEa8305F9002","disputeID":"501"}	{"appealPeriodEnd": "1751994120", "appealPeriodStart": "1751799720"}
{"blockNumber":40949216,"chainId":100,"contractAddress":"0x9C1dA9A04925bDfDedf0f6421bC7EEa8305F9002","disputeID":"489"}	{"appealPeriodEnd": "1751994545", "appealPeriodStart": "1751800145"}
{"blockNumber":40951438,"chainId":100,"contractAddress":"0x9C1dA9A04925bDfDedf0f6421bC7EEa8305F9002","disputeID":"492"}	{"appealPeriodEnd": "1752005910", "appealPeriodStart": "1751811510"}
{"blockNumber":40951447,"chainId":100,"contractAddress":"0x9C1dA9A04925bDfDedf0f6421bC7EEa8305F9002","disputeID":"494"}	{"appealPeriodEnd": "1752005955", "appealPeriodStart": "1751811555"}
{"blockNumber":40956642,"chainId":100,"contractAddress":"0x9C1dA9A04925bDfDedf0f6421bC7EEa8305F9002","disputeID":"496"}	{"appealPeriodEnd": "1752032550", "appealPeriodStart": "1751838150"}
{"blockNumber":40956653,"chainId":100,"contractAddress":"0x9C1dA9A04925bDfDedf0f6421bC7EEa8305F9002","disputeID":"499"}	{"appealPeriodEnd": "1752032610", "appealPeriodStart": "1751838210"}
{"blockNumber":40956768,"chainId":100,"contractAddress":"0x9C1dA9A04925bDfDedf0f6421bC7EEa8305F9002","disputeID":"493"}	{"appealPeriodEnd": "1752033195", "appealPeriodStart": "1751838795"}
{"blockNumber":39292834,"chainId":100,"contractAddress":"0x9C1dA9A04925bDfDedf0f6421bC7EEa8305F9002","disputeID":"451"}	{"appealPeriodEnd": "1743488715", "appealPeriodStart": "1743294315"}
{"blockNumber":39420822,"chainId":100,"contractAddress":"0x9C1dA9A04925bDfDedf0f6421bC7EEa8305F9002","disputeID":"452"}	{"appealPeriodEnd": "1744143750", "appealPeriodStart": "1743949350"}
{"blockNumber":39437855,"chainId":100,"contractAddress":"0x9C1dA9A04925bDfDedf0f6421bC7EEa8305F9002","disputeID":"453"}	{"appealPeriodEnd": "1744230670", "appealPeriodStart": "1744036270"}
{"blockNumber":40966229,"chainId":100,"contractAddress":"0x9C1dA9A04925bDfDedf0f6421bC7EEa8305F9002","disputeID":"495"}	{"appealPeriodEnd": "1752081945", "appealPeriodStart": "1751887545"}
{"blockNumber":40966237,"chainId":100,"contractAddress":"0x9C1dA9A04925bDfDedf0f6421bC7EEa8305F9002","disputeID":"497"}	{"appealPeriodEnd": "1752081985", "appealPeriodStart": "1751887585"}
{"blockNumber":40969784,"chainId":100,"contractAddress":"0x9C1dA9A04925bDfDedf0f6421bC7EEa8305F9002","disputeID":"500"}	{"appealPeriodEnd": "1752100415", "appealPeriodStart": "1751906015"}
{"blockNumber":40982949,"chainId":100,"contractAddress":"0x9C1dA9A04925bDfDedf0f6421bC7EEa8305F9002","disputeID":"506"}	{"appealPeriodEnd": "1752168595", "appealPeriodStart": "1751974195"}
{"blockNumber":40984587,"chainId":100,"contractAddress":"0x9C1dA9A04925bDfDedf0f6421bC7EEa8305F9002","disputeID":"498"}	{"appealPeriodEnd": "1752177145", "appealPeriodStart": "1751982745"}
{"blockNumber":40999872,"chainId":100,"contractAddress":"0x9C1dA9A04925bDfDedf0f6421bC7EEa8305F9002","disputeID":"499"}	{"appealPeriodEnd": "1752256210", "appealPeriodStart": "1752061810"}
{"blockNumber":41014627,"chainId":100,"contractAddress":"0x9C1dA9A04925bDfDedf0f6421bC7EEa8305F9002","disputeID":"507"}	{"appealPeriodEnd": "1752332400", "appealPeriodStart": "1752138000"}
{"blockNumber":41016595,"chainId":100,"contractAddress":"0x9C1dA9A04925bDfDedf0f6421bC7EEa8305F9002","disputeID":"501"}	{"appealPeriodEnd": "1752342750", "appealPeriodStart": "1752148350"}
{"blockNumber":41101170,"chainId":100,"contractAddress":"0x9C1dA9A04925bDfDedf0f6421bC7EEa8305F9002","disputeID":"516"}	{"appealPeriodEnd": "1752787535", "appealPeriodStart": "1752593135"}
{"blockNumber":41153527,"chainId":100,"contractAddress":"0x9C1dA9A04925bDfDedf0f6421bC7EEa8305F9002","disputeID":"517"}	{"appealPeriodEnd": "1753056880", "appealPeriodStart": "1752862480"}
{"blockNumber":41153728,"chainId":100,"contractAddress":"0x9C1dA9A04925bDfDedf0f6421bC7EEa8305F9002","disputeID":"518"}	{"appealPeriodEnd": "1753057910", "appealPeriodStart": "1752863510"}
{"blockNumber":40026940,"chainId":100,"contractAddress":"0x9C1dA9A04925bDfDedf0f6421bC7EEa8305F9002","disputeID":"457"}	{"appealPeriodEnd": "1747259940", "appealPeriodStart": "1747065540"}
{"blockNumber":40612980,"chainId":100,"contractAddress":"0x9C1dA9A04925bDfDedf0f6421bC7EEa8305F9002","disputeID":"464"}	{"appealPeriodEnd": "1750266085", "appealPeriodStart": "1750071685"}
{"blockNumber":40730361,"chainId":100,"contractAddress":"0x9C1dA9A04925bDfDedf0f6421bC7EEa8305F9002","disputeID":"474"}	{"appealPeriodEnd": "1750873080", "appealPeriodStart": "1750678680"}
{"blockNumber":40990244,"chainId":100,"contractAddress":"0x9C1dA9A04925bDfDedf0f6421bC7EEa8305F9002","disputeID":"503"}	{"appealPeriodEnd": "1752206340", "appealPeriodStart": "1752011940"}
{"blockNumber":40990370,"chainId":100,"contractAddress":"0x9C1dA9A04925bDfDedf0f6421bC7EEa8305F9002","disputeID":"505"}	{"appealPeriodEnd": "1752207005", "appealPeriodStart": "1752012605"}
{"blockNumber":41004044,"chainId":100,"contractAddress":"0x9C1dA9A04925bDfDedf0f6421bC7EEa8305F9002","disputeID":"504"}	{"appealPeriodEnd": "1752277850", "appealPeriodStart": "1752083450"}
{"blockNumber":41013698,"chainId":100,"contractAddress":"0x9C1dA9A04925bDfDedf0f6421bC7EEa8305F9002","disputeID":"502"}	{"appealPeriodEnd": "1752327625", "appealPeriodStart": "1752133225"}
{"blockNumber":41114114,"chainId":100,"contractAddress":"0x9C1dA9A04925bDfDedf0f6421bC7EEa8305F9002","disputeID":"515"}	{"appealPeriodEnd": "1752854260", "appealPeriodStart": "1752659860"}
{"blockNumber":40514752,"chainId":100,"contractAddress":"0x9C1dA9A04925bDfDedf0f6421bC7EEa8305F9002","disputeID":"461"}	{"appealPeriodEnd": "1749766700", "appealPeriodStart": "1749572300"}
{"blockNumber":40554983,"chainId":100,"contractAddress":"0x9C1dA9A04925bDfDedf0f6421bC7EEa8305F9002","disputeID":"463"}	{"appealPeriodEnd": "1749971465", "appealPeriodStart": "1749777065"}
{"blockNumber":40764717,"chainId":100,"contractAddress":"0x9C1dA9A04925bDfDedf0f6421bC7EEa8305F9002","disputeID":"473"}	{"appealPeriodEnd": "1751050985", "appealPeriodStart": "1750856585"}
{"blockNumber":40785357,"chainId":100,"contractAddress":"0x9C1dA9A04925bDfDedf0f6421bC7EEa8305F9002","disputeID":"475"}	{"appealPeriodEnd": "1751157715", "appealPeriodStart": "1750963315"}
{"blockNumber":40822496,"chainId":100,"contractAddress":"0x9C1dA9A04925bDfDedf0f6421bC7EEa8305F9002","disputeID":"485"}	{"appealPeriodEnd": "1751347305", "appealPeriodStart": "1751152905"}
{"blockNumber":40900832,"chainId":100,"contractAddress":"0x9C1dA9A04925bDfDedf0f6421bC7EEa8305F9002","disputeID":"487"}	{"appealPeriodEnd": "1751747570", "appealPeriodStart": "1751553170"}
{"blockNumber":40951300,"chainId":100,"contractAddress":"0x9C1dA9A04925bDfDedf0f6421bC7EEa8305F9002","disputeID":"490"}	{"appealPeriodEnd": "1752005205", "appealPeriodStart": "1751810805"}
{"blockNumber":41024075,"chainId":100,"contractAddress":"0x9C1dA9A04925bDfDedf0f6421bC7EEa8305F9002","disputeID":"509"}	{"appealPeriodEnd": "1752382540", "appealPeriodStart": "1752188140"}
{"blockNumber":41044802,"chainId":100,"contractAddress":"0x9C1dA9A04925bDfDedf0f6421bC7EEa8305F9002","disputeID":"510"}	{"appealPeriodEnd": "1752490945", "appealPeriodStart": "1752296545"}
{"blockNumber":41044806,"chainId":100,"contractAddress":"0x9C1dA9A04925bDfDedf0f6421bC7EEa8305F9002","disputeID":"511"}	{"appealPeriodEnd": "1752490970", "appealPeriodStart": "1752296570"}
{"blockNumber":41054889,"chainId":100,"contractAddress":"0x9C1dA9A04925bDfDedf0f6421bC7EEa8305F9002","disputeID":"508"}	{"appealPeriodEnd": "1752544320", "appealPeriodStart": "1752349920"}
{"blockNumber":41089128,"chainId":100,"contractAddress":"0x9C1dA9A04925bDfDedf0f6421bC7EEa8305F9002","disputeID":"512"}	{"appealPeriodEnd": "1752724365", "appealPeriodStart": "1752529965"}
{"blockNumber":41089398,"chainId":100,"contractAddress":"0x9C1dA9A04925bDfDedf0f6421bC7EEa8305F9002","disputeID":"513"}	{"appealPeriodEnd": "1752725775", "appealPeriodStart": "1752531375"}
{"blockNumber":41129859,"chainId":100,"contractAddress":"0x9C1dA9A04925bDfDedf0f6421bC7EEa8305F9002","disputeID":"514"}	{"appealPeriodEnd": "1752935420", "appealPeriodStart": "1752741020"}
{"blockNumber":41185875,"chainId":100,"contractAddress":"0x9C1dA9A04925bDfDedf0f6421bC7EEa8305F9002","disputeID":"520"}	{"appealPeriodEnd": "1753223130", "appealPeriodStart": "1753028730"}
{"blockNumber":41201925,"chainId":100,"contractAddress":"0x9C1dA9A04925bDfDedf0f6421bC7EEa8305F9002","disputeID":"521"}	{"appealPeriodEnd": "1753305415", "appealPeriodStart": "1753111015"}
{"blockNumber":41201932,"chainId":100,"contractAddress":"0x9C1dA9A04925bDfDedf0f6421bC7EEa8305F9002","disputeID":"523"}	{"appealPeriodEnd": "1753305455", "appealPeriodStart": "1753111055"}
{"blockNumber":41224120,"chainId":100,"contractAddress":"0x9C1dA9A04925bDfDedf0f6421bC7EEa8305F9002","disputeID":"522"}	{"appealPeriodEnd": "1753419295", "appealPeriodStart": "1753224895"}
{"blockNumber":41224127,"chainId":100,"contractAddress":"0x9C1dA9A04925bDfDedf0f6421bC7EEa8305F9002","disputeID":"524"}	{"appealPeriodEnd": "1753419330", "appealPeriodStart": "1753224930"}
{"blockNumber":41224135,"chainId":100,"contractAddress":"0x9C1dA9A04925bDfDedf0f6421bC7EEa8305F9002","disputeID":"526"}	{"appealPeriodEnd": "1753419375", "appealPeriodStart": "1753224975"}
{"blockNumber":41288893,"chainId":100,"contractAddress":"0x9C1dA9A04925bDfDedf0f6421bC7EEa8305F9002","disputeID":"534"}	{"appealPeriodEnd": "1753752410", "appealPeriodStart": "1753558010"}
{"blockNumber":41356500,"chainId":100,"contractAddress":"0x9C1dA9A04925bDfDedf0f6421bC7EEa8305F9002","disputeID":"537"}	{"appealPeriodEnd": "1754102130", "appealPeriodStart": "1753907730"}
{"blockNumber":41356589,"chainId":100,"contractAddress":"0x9C1dA9A04925bDfDedf0f6421bC7EEa8305F9002","disputeID":"538"}	{"appealPeriodEnd": "1754102595", "appealPeriodStart": "1753908195"}
{"blockNumber":41359254,"chainId":100,"contractAddress":"0x9C1dA9A04925bDfDedf0f6421bC7EEa8305F9002","disputeID":"536"}	{"appealPeriodEnd": "1754116390", "appealPeriodStart": "1753921990"}
{"blockNumber":41368401,"chainId":100,"contractAddress":"0x9C1dA9A04925bDfDedf0f6421bC7EEa8305F9002","disputeID":"539"}	{"appealPeriodEnd": "1754163820", "appealPeriodStart": "1753969420"}
{"blockNumber":41386640,"chainId":100,"contractAddress":"0x9C1dA9A04925bDfDedf0f6421bC7EEa8305F9002","disputeID":"540"}	{"appealPeriodEnd": "1754258125", "appealPeriodStart": "1754063725"}
{"blockNumber":41419803,"chainId":100,"contractAddress":"0x9C1dA9A04925bDfDedf0f6421bC7EEa8305F9002","disputeID":"541"}	{"appealPeriodEnd": "1754428340", "appealPeriodStart": "1754233940"}
{"blockNumber":41425646,"chainId":100,"contractAddress":"0x9C1dA9A04925bDfDedf0f6421bC7EEa8305F9002","disputeID":"542"}	{"appealPeriodEnd": "1754458230", "appealPeriodStart": "1754263830"}
{"blockNumber":41582513,"chainId":100,"contractAddress":"0x9C1dA9A04925bDfDedf0f6421bC7EEa8305F9002","disputeID":"562"}	{"appealPeriodEnd": "1755279300", "appealPeriodStart": "1755084900"}
{"blockNumber":41682114,"chainId":100,"contractAddress":"0x9C1dA9A04925bDfDedf0f6421bC7EEa8305F9002","disputeID":"563"}	{"appealPeriodEnd": "1755795860", "appealPeriodStart": "1755601460"}
{"blockNumber":41224132,"chainId":100,"contractAddress":"0x9C1dA9A04925bDfDedf0f6421bC7EEa8305F9002","disputeID":"525"}	{"appealPeriodEnd": "1753419355", "appealPeriodStart": "1753224955"}
{"blockNumber":41265390,"chainId":100,"contractAddress":"0x9C1dA9A04925bDfDedf0f6421bC7EEa8305F9002","disputeID":"527"}	{"appealPeriodEnd": "1753631495", "appealPeriodStart": "1753437095"}
{"blockNumber":41288786,"chainId":100,"contractAddress":"0x9C1dA9A04925bDfDedf0f6421bC7EEa8305F9002","disputeID":"531"}	{"appealPeriodEnd": "1753751855", "appealPeriodStart": "1753557455"}
{"blockNumber":41301491,"chainId":100,"contractAddress":"0x9C1dA9A04925bDfDedf0f6421bC7EEa8305F9002","disputeID":"530"}	{"appealPeriodEnd": "1753817385", "appealPeriodStart": "1753622985"}
{"blockNumber":41419974,"chainId":100,"contractAddress":"0x9C1dA9A04925bDfDedf0f6421bC7EEa8305F9002","disputeID":"544"}	{"appealPeriodEnd": "1754429210", "appealPeriodStart": "1754234810"}
{"blockNumber":41423349,"chainId":100,"contractAddress":"0x9C1dA9A04925bDfDedf0f6421bC7EEa8305F9002","disputeID":"543"}	{"appealPeriodEnd": "1754446460", "appealPeriodStart": "1754252060"}
{"blockNumber":41505014,"chainId":100,"contractAddress":"0x9C1dA9A04925bDfDedf0f6421bC7EEa8305F9002","disputeID":"549"}	{"appealPeriodEnd": "1754872735", "appealPeriodStart": "1754678335"}
{"blockNumber":41514632,"chainId":100,"contractAddress":"0x9C1dA9A04925bDfDedf0f6421bC7EEa8305F9002","disputeID":"550"}	{"appealPeriodEnd": "1754923315", "appealPeriodStart": "1754728915"}
{"blockNumber":41534339,"chainId":100,"contractAddress":"0x9C1dA9A04925bDfDedf0f6421bC7EEa8305F9002","disputeID":"551"}	{"appealPeriodEnd": "1755027720", "appealPeriodStart": "1754833320"}
{"blockNumber":41565902,"chainId":100,"contractAddress":"0x9C1dA9A04925bDfDedf0f6421bC7EEa8305F9002","disputeID":"557"}	{"appealPeriodEnd": "1755193055", "appealPeriodStart": "1754998655"}
{"blockNumber":41565906,"chainId":100,"contractAddress":"0x9C1dA9A04925bDfDedf0f6421bC7EEa8305F9002","disputeID":"558"}	{"appealPeriodEnd": "1755193075", "appealPeriodStart": "1754998675"}
{"blockNumber":41715707,"chainId":100,"contractAddress":"0x9C1dA9A04925bDfDedf0f6421bC7EEa8305F9002","disputeID":"570"}	{"appealPeriodEnd": "1755969565", "appealPeriodStart": "1755775165"}
{"blockNumber":41752402,"chainId":100,"contractAddress":"0x9C1dA9A04925bDfDedf0f6421bC7EEa8305F9002","disputeID":"571"}	{"appealPeriodEnd": "1756158475", "appealPeriodStart": "1755964075"}
{"blockNumber":41784218,"chainId":100,"contractAddress":"0x9C1dA9A04925bDfDedf0f6421bC7EEa8305F9002","disputeID":"574"}	{"appealPeriodEnd": "1756322235", "appealPeriodStart": "1756127835"}
{"blockNumber":41784848,"chainId":100,"contractAddress":"0x9C1dA9A04925bDfDedf0f6421bC7EEa8305F9002","disputeID":"576"}	{"appealPeriodEnd": "1756325430", "appealPeriodStart": "1756131030"}
{"blockNumber":41784852,"chainId":100,"contractAddress":"0x9C1dA9A04925bDfDedf0f6421bC7EEa8305F9002","disputeID":"577"}	{"appealPeriodEnd": "1756325450", "appealPeriodStart": "1756131050"}
{"blockNumber":41784857,"chainId":100,"contractAddress":"0x9C1dA9A04925bDfDedf0f6421bC7EEa8305F9002","disputeID":"578"}	{"appealPeriodEnd": "1756325475", "appealPeriodStart": "1756131075"}
{"blockNumber":41784868,"chainId":100,"contractAddress":"0x9C1dA9A04925bDfDedf0f6421bC7EEa8305F9002","disputeID":"581"}	{"appealPeriodEnd": "1756325530", "appealPeriodStart": "1756131130"}
{"blockNumber":41791325,"chainId":100,"contractAddress":"0x9C1dA9A04925bDfDedf0f6421bC7EEa8305F9002","disputeID":"580"}	{"appealPeriodEnd": "1756358780", "appealPeriodStart": "1756164380"}
{"blockNumber":41792499,"chainId":100,"contractAddress":"0x9C1dA9A04925bDfDedf0f6421bC7EEa8305F9002","disputeID":"575"}	{"appealPeriodEnd": "1756364790", "appealPeriodStart": "1756170390"}
{"blockNumber":41800356,"chainId":100,"contractAddress":"0x9C1dA9A04925bDfDedf0f6421bC7EEa8305F9002","disputeID":"573"}	{"appealPeriodEnd": "1756405270", "appealPeriodStart": "1756210870"}
{"blockNumber":41800381,"chainId":100,"contractAddress":"0x9C1dA9A04925bDfDedf0f6421bC7EEa8305F9002","disputeID":"579"}	{"appealPeriodEnd": "1756405395", "appealPeriodStart": "1756210995"}
{"blockNumber":41823159,"chainId":100,"contractAddress":"0x9C1dA9A04925bDfDedf0f6421bC7EEa8305F9002","disputeID":"582"}	{"appealPeriodEnd": "1756522170", "appealPeriodStart": "1756327770"}
{"blockNumber":41906434,"chainId":100,"contractAddress":"0x9C1dA9A04925bDfDedf0f6421bC7EEa8305F9002","disputeID":"583"}	{"appealPeriodEnd": "1756949430", "appealPeriodStart": "1756755030"}
{"blockNumber":41917682,"chainId":100,"contractAddress":"0x9C1dA9A04925bDfDedf0f6421bC7EEa8305F9002","disputeID":"584"}	{"appealPeriodEnd": "1757007770", "appealPeriodStart": "1756813370"}
{"blockNumber":41917686,"chainId":100,"contractAddress":"0x9C1dA9A04925bDfDedf0f6421bC7EEa8305F9002","disputeID":"585"}	{"appealPeriodEnd": "1757007790", "appealPeriodStart": "1756813390"}
{"blockNumber":41267380,"chainId":100,"contractAddress":"0x9C1dA9A04925bDfDedf0f6421bC7EEa8305F9002","disputeID":"532"}	{"appealPeriodEnd": "1753641775", "appealPeriodStart": "1753447375"}
{"blockNumber":41270202,"chainId":100,"contractAddress":"0x9C1dA9A04925bDfDedf0f6421bC7EEa8305F9002","disputeID":"528"}	{"appealPeriodEnd": "1753656280", "appealPeriodStart": "1753461880"}
{"blockNumber":41296135,"chainId":100,"contractAddress":"0x9C1dA9A04925bDfDedf0f6421bC7EEa8305F9002","disputeID":"529"}	{"appealPeriodEnd": "1753789645", "appealPeriodStart": "1753595245"}
{"blockNumber":41318115,"chainId":100,"contractAddress":"0x9C1dA9A04925bDfDedf0f6421bC7EEa8305F9002","disputeID":"533"}	{"appealPeriodEnd": "1753903590", "appealPeriodStart": "1753709190"}
{"blockNumber":41475760,"chainId":100,"contractAddress":"0x9C1dA9A04925bDfDedf0f6421bC7EEa8305F9002","disputeID":"545"}	{"appealPeriodEnd": "1754718565", "appealPeriodStart": "1754524165"}
{"blockNumber":41535639,"chainId":100,"contractAddress":"0x9C1dA9A04925bDfDedf0f6421bC7EEa8305F9002","disputeID":"552"}	{"appealPeriodEnd": "1755034615", "appealPeriodStart": "1754840215"}
{"blockNumber":41590424,"chainId":100,"contractAddress":"0x9C1dA9A04925bDfDedf0f6421bC7EEa8305F9002","disputeID":"559"}	{"appealPeriodEnd": "1755320315", "appealPeriodStart": "1755125915"}
{"blockNumber":41590428,"chainId":100,"contractAddress":"0x9C1dA9A04925bDfDedf0f6421bC7EEa8305F9002","disputeID":"560"}	{"appealPeriodEnd": "1755320335", "appealPeriodStart": "1755125935"}
{"blockNumber":41594343,"chainId":100,"contractAddress":"0x9C1dA9A04925bDfDedf0f6421bC7EEa8305F9002","disputeID":"556"}	{"appealPeriodEnd": "1755340615", "appealPeriodStart": "1755146215"}
{"blockNumber":41612946,"chainId":100,"contractAddress":"0x9C1dA9A04925bDfDedf0f6421bC7EEa8305F9002","disputeID":"561"}	{"appealPeriodEnd": "1755437020", "appealPeriodStart": "1755242620"}
{"blockNumber":41687956,"chainId":100,"contractAddress":"0x9C1dA9A04925bDfDedf0f6421bC7EEa8305F9002","disputeID":"569"}	{"appealPeriodEnd": "1755826020", "appealPeriodStart": "1755631620"}
{"blockNumber":41697866,"chainId":100,"contractAddress":"0x9C1dA9A04925bDfDedf0f6421bC7EEa8305F9002","disputeID":"568"}	{"appealPeriodEnd": "1755877450", "appealPeriodStart": "1755683050"}
{"blockNumber":41699860,"chainId":100,"contractAddress":"0x9C1dA9A04925bDfDedf0f6421bC7EEa8305F9002","disputeID":"567"}	{"appealPeriodEnd": "1755887855", "appealPeriodStart": "1755693455"}
{"blockNumber":41699949,"chainId":100,"contractAddress":"0x9C1dA9A04925bDfDedf0f6421bC7EEa8305F9002","disputeID":"566"}	{"appealPeriodEnd": "1755888320", "appealPeriodStart": "1755693920"}
{"blockNumber":41752618,"chainId":100,"contractAddress":"0x9C1dA9A04925bDfDedf0f6421bC7EEa8305F9002","disputeID":"572"}	{"appealPeriodEnd": "1756159590", "appealPeriodStart": "1755965190"}
{"blockNumber":41316757,"chainId":100,"contractAddress":"0x9C1dA9A04925bDfDedf0f6421bC7EEa8305F9002","disputeID":"535"}	{"appealPeriodEnd": "1753896585", "appealPeriodStart": "1753702185"}
{"blockNumber":41682968,"chainId":100,"contractAddress":"0x9C1dA9A04925bDfDedf0f6421bC7EEa8305F9002","disputeID":"565"}	{"appealPeriodEnd": "1755800320", "appealPeriodStart": "1755605920"}
{"blockNumber":41531597,"chainId":100,"contractAddress":"0x9C1dA9A04925bDfDedf0f6421bC7EEa8305F9002","disputeID":"546"}	{"appealPeriodEnd": "1755110450", "appealPeriodStart": "1754818850"}
{"blockNumber":41532542,"chainId":100,"contractAddress":"0x9C1dA9A04925bDfDedf0f6421bC7EEa8305F9002","disputeID":"547"}	{"appealPeriodEnd": "1755115470", "appealPeriodStart": "1754823870"}
{"blockNumber":41532902,"chainId":100,"contractAddress":"0x9C1dA9A04925bDfDedf0f6421bC7EEa8305F9002","disputeID":"548"}	{"appealPeriodEnd": "1755117360", "appealPeriodStart": "1754825760"}
{"blockNumber":41547522,"chainId":100,"contractAddress":"0x9C1dA9A04925bDfDedf0f6421bC7EEa8305F9002","disputeID":"555"}	{"appealPeriodEnd": "1755194550", "appealPeriodStart": "1754902950"}
{"blockNumber":41682964,"chainId":100,"contractAddress":"0x9C1dA9A04925bDfDedf0f6421bC7EEa8305F9002","disputeID":"564"}	{"appealPeriodEnd": "1755897500", "appealPeriodStart": "1755605900"}
{"blockNumber":42045024,"chainId":100,"contractAddress":"0x9C1dA9A04925bDfDedf0f6421bC7EEa8305F9002","disputeID":"587"}	{"appealPeriodEnd": "1757664835", "appealPeriodStart": "1757470435"}
{"blockNumber":42058624,"chainId":100,"contractAddress":"0x9C1dA9A04925bDfDedf0f6421bC7EEa8305F9002","disputeID":"590"}	{"appealPeriodEnd": "1757735230", "appealPeriodStart": "1757540830"}
{"blockNumber":42086453,"chainId":100,"contractAddress":"0x9C1dA9A04925bDfDedf0f6421bC7EEa8305F9002","disputeID":"592"}	{"appealPeriodEnd": "1757878890", "appealPeriodStart": "1757684490"}
{"blockNumber":42086563,"chainId":100,"contractAddress":"0x9C1dA9A04925bDfDedf0f6421bC7EEa8305F9002","disputeID":"593"}	{"appealPeriodEnd": "1757879455", "appealPeriodStart": "1757685055"}
{"blockNumber":42086567,"chainId":100,"contractAddress":"0x9C1dA9A04925bDfDedf0f6421bC7EEa8305F9002","disputeID":"594"}	{"appealPeriodEnd": "1757879475", "appealPeriodStart": "1757685075"}
{"blockNumber":42101934,"chainId":100,"contractAddress":"0x9C1dA9A04925bDfDedf0f6421bC7EEa8305F9002","disputeID":"589"}	{"appealPeriodEnd": "1757958550", "appealPeriodStart": "1757764150"}
{"blockNumber":42104382,"chainId":100,"contractAddress":"0x9C1dA9A04925bDfDedf0f6421bC7EEa8305F9002","disputeID":"591"}	{"appealPeriodEnd": "1757971185", "appealPeriodStart": "1757776785"}
{"blockNumber":42112557,"chainId":100,"contractAddress":"0x9C1dA9A04925bDfDedf0f6421bC7EEa8305F9002","disputeID":"587"}	{"appealPeriodEnd": "1758014045", "appealPeriodStart": "1757819645"}
{"blockNumber":42135510,"chainId":100,"contractAddress":"0x9C1dA9A04925bDfDedf0f6421bC7EEa8305F9002","disputeID":"596"}	{"appealPeriodEnd": "1758135725", "appealPeriodStart": "1757941325"}
{"blockNumber":42149301,"chainId":100,"contractAddress":"0x9C1dA9A04925bDfDedf0f6421bC7EEa8305F9002","disputeID":"595"}	{"appealPeriodEnd": "1758208665", "appealPeriodStart": "1758014265"}
{"blockNumber":42150598,"chainId":100,"contractAddress":"0x9C1dA9A04925bDfDedf0f6421bC7EEa8305F9002","disputeID":"597"}	{"appealPeriodEnd": "1758215500", "appealPeriodStart": "1758021100"}
{"blockNumber":42150606,"chainId":100,"contractAddress":"0x9C1dA9A04925bDfDedf0f6421bC7EEa8305F9002","disputeID":"599"}	{"appealPeriodEnd": "1758215540", "appealPeriodStart": "1758021140"}
{"blockNumber":42157890,"chainId":100,"contractAddress":"0x9C1dA9A04925bDfDedf0f6421bC7EEa8305F9002","disputeID":"592"}	{"appealPeriodEnd": "1758254405", "appealPeriodStart": "1758060005"}
{"blockNumber":42166811,"chainId":100,"contractAddress":"0x9C1dA9A04925bDfDedf0f6421bC7EEa8305F9002","disputeID":"598"}	{"appealPeriodEnd": "1758300625", "appealPeriodStart": "1758106225"}
{"blockNumber":42219017,"chainId":100,"contractAddress":"0x9C1dA9A04925bDfDedf0f6421bC7EEa8305F9002","disputeID":"592"}	{"appealPeriodEnd": "1758569245", "appealPeriodStart": "1758374845"}
{"blockNumber":42219115,"chainId":100,"contractAddress":"0x9C1dA9A04925bDfDedf0f6421bC7EEa8305F9002","disputeID":"600"}	{"appealPeriodEnd": "1758569755", "appealPeriodStart": "1758375355"}
{"blockNumber":42240376,"chainId":100,"contractAddress":"0x9C1dA9A04925bDfDedf0f6421bC7EEa8305F9002","disputeID":"601"}	{"appealPeriodEnd": "1758679900", "appealPeriodStart": "1758485500"}
{"blockNumber":42242101,"chainId":100,"contractAddress":"0x9C1dA9A04925bDfDedf0f6421bC7EEa8305F9002","disputeID":"602"}	{"appealPeriodEnd": "1758688850", "appealPeriodStart": "1758494450"}
{"blockNumber":42250867,"chainId":100,"contractAddress":"0x9C1dA9A04925bDfDedf0f6421bC7EEa8305F9002","disputeID":"604"}	{"appealPeriodEnd": "1758734065", "appealPeriodStart": "1758539665"}
{"blockNumber":42263177,"chainId":100,"contractAddress":"0x9C1dA9A04925bDfDedf0f6421bC7EEa8305F9002","disputeID":"603"}	{"appealPeriodEnd": "1758797770", "appealPeriodStart": "1758603370"}
{"blockNumber":42325639,"chainId":100,"contractAddress":"0x9C1dA9A04925bDfDedf0f6421bC7EEa8305F9002","disputeID":"614"}	{"appealPeriodEnd": "1759120910", "appealPeriodStart": "1758926510"}
{"blockNumber":42400813,"chainId":100,"contractAddress":"0x9C1dA9A04925bDfDedf0f6421bC7EEa8305F9002","disputeID":"621"}	{"appealPeriodEnd": "1759506215", "appealPeriodStart": "1759311815"}
{"blockNumber":42409410,"chainId":100,"contractAddress":"0x9C1dA9A04925bDfDedf0f6421bC7EEa8305F9002","disputeID":"618"}	{"appealPeriodEnd": "1759550840", "appealPeriodStart": "1759356440"}
{"blockNumber":42409499,"chainId":100,"contractAddress":"0x9C1dA9A04925bDfDedf0f6421bC7EEa8305F9002","disputeID":"620"}	{"appealPeriodEnd": "1759551320", "appealPeriodStart": "1759356920"}
{"blockNumber":42419548,"chainId":100,"contractAddress":"0x9C1dA9A04925bDfDedf0f6421bC7EEa8305F9002","disputeID":"619"}	{"appealPeriodEnd": "1759603900", "appealPeriodStart": "1759409500"}
{"blockNumber":42074302,"chainId":100,"contractAddress":"0x9C1dA9A04925bDfDedf0f6421bC7EEa8305F9002","disputeID":"588"}	{"appealPeriodEnd": "1757816175", "appealPeriodStart": "1757621775"}
{"blockNumber":42252388,"chainId":100,"contractAddress":"0x9C1dA9A04925bDfDedf0f6421bC7EEa8305F9002","disputeID":"608"}	{"appealPeriodEnd": "1758742030", "appealPeriodStart": "1758547630"}
{"blockNumber":42259268,"chainId":100,"contractAddress":"0x9C1dA9A04925bDfDedf0f6421bC7EEa8305F9002","disputeID":"607"}	{"appealPeriodEnd": "1758777645", "appealPeriodStart": "1758583245"}
{"blockNumber":42294289,"chainId":100,"contractAddress":"0x9C1dA9A04925bDfDedf0f6421bC7EEa8305F9002","disputeID":"606"}	{"appealPeriodEnd": "1758959175", "appealPeriodStart": "1758764775"}
{"blockNumber":42301780,"chainId":100,"contractAddress":"0x9C1dA9A04925bDfDedf0f6421bC7EEa8305F9002","disputeID":"610"}	{"appealPeriodEnd": "1758997910", "appealPeriodStart": "1758803510"}
{"blockNumber":42307909,"chainId":100,"contractAddress":"0x9C1dA9A04925bDfDedf0f6421bC7EEa8305F9002","disputeID":"611"}	{"appealPeriodEnd": "1759029535", "appealPeriodStart": "1758835135"}
{"blockNumber":42307914,"chainId":100,"contractAddress":"0x9C1dA9A04925bDfDedf0f6421bC7EEa8305F9002","disputeID":"612"}	{"appealPeriodEnd": "1759029560", "appealPeriodStart": "1758835160"}
{"blockNumber":42307925,"chainId":100,"contractAddress":"0x9C1dA9A04925bDfDedf0f6421bC7EEa8305F9002","disputeID":"615"}	{"appealPeriodEnd": "1759029620", "appealPeriodStart": "1758835220"}
{"blockNumber":42316017,"chainId":100,"contractAddress":"0x9C1dA9A04925bDfDedf0f6421bC7EEa8305F9002","disputeID":"613"}	{"appealPeriodEnd": "1759071330", "appealPeriodStart": "1758876930"}
{"blockNumber":42360873,"chainId":100,"contractAddress":"0x9C1dA9A04925bDfDedf0f6421bC7EEa8305F9002","disputeID":"616"}	{"appealPeriodEnd": "1759301405", "appealPeriodStart": "1759107005"}
{"blockNumber":42502722,"chainId":100,"contractAddress":"0x9C1dA9A04925bDfDedf0f6421bC7EEa8305F9002","disputeID":"625"}	{"appealPeriodEnd": "1760038885", "appealPeriodStart": "1759844485"}
{"blockNumber":42259261,"chainId":100,"contractAddress":"0x9C1dA9A04925bDfDedf0f6421bC7EEa8305F9002","disputeID":"605"}	{"appealPeriodEnd": "1758777605", "appealPeriodStart": "1758583205"}
{"blockNumber":42307901,"chainId":100,"contractAddress":"0x9C1dA9A04925bDfDedf0f6421bC7EEa8305F9002","disputeID":"609"}	{"appealPeriodEnd": "1759029495", "appealPeriodStart": "1758835095"}
{"blockNumber":42372483,"chainId":100,"contractAddress":"0x9C1dA9A04925bDfDedf0f6421bC7EEa8305F9002","disputeID":"617"}	{"appealPeriodEnd": "1759360910", "appealPeriodStart": "1759166510"}
{"blockNumber":42475170,"chainId":100,"contractAddress":"0x9C1dA9A04925bDfDedf0f6421bC7EEa8305F9002","disputeID":"624"}	{"appealPeriodEnd": "1759894950", "appealPeriodStart": "1759700550"}
{"blockNumber":42477196,"chainId":100,"contractAddress":"0x9C1dA9A04925bDfDedf0f6421bC7EEa8305F9002","disputeID":"622"}	{"appealPeriodEnd": "1759905595", "appealPeriodStart": "1759711195"}
{"blockNumber":42480640,"chainId":100,"contractAddress":"0x9C1dA9A04925bDfDedf0f6421bC7EEa8305F9002","disputeID":"623"}	{"appealPeriodEnd": "1759923550", "appealPeriodStart": "1759729150"}
{"blockNumber":42549561,"chainId":100,"contractAddress":"0x9C1dA9A04925bDfDedf0f6421bC7EEa8305F9002","disputeID":"626"}	{"appealPeriodEnd": "1760280030", "appealPeriodStart": "1760085630"}
{"blockNumber":42541260,"chainId":100,"contractAddress":"0x9C1dA9A04925bDfDedf0f6421bC7EEa8305F9002","disputeID":"627"}	{"appealPeriodEnd": "1760237375", "appealPeriodStart": "1760042975"}
{"blockNumber":42569817,"chainId":100,"contractAddress":"0x9C1dA9A04925bDfDedf0f6421bC7EEa8305F9002","disputeID":"629"}	{"appealPeriodEnd": "1760383770", "appealPeriodStart": "1760189370"}
{"blockNumber":42615977,"chainId":100,"contractAddress":"0x9C1dA9A04925bDfDedf0f6421bC7EEa8305F9002","disputeID":"637"}	{"appealPeriodEnd": "1760618385", "appealPeriodStart": "1760423985"}
{"blockNumber":42577889,"chainId":100,"contractAddress":"0x9C1dA9A04925bDfDedf0f6421bC7EEa8305F9002","disputeID":"630"}	{"appealPeriodEnd": "1760424845", "appealPeriodStart": "1760230445"}
{"blockNumber":42610807,"chainId":100,"contractAddress":"0x9C1dA9A04925bDfDedf0f6421bC7EEa8305F9002","disputeID":"635"}	{"appealPeriodEnd": "1760592060", "appealPeriodStart": "1760397660"}
{"blockNumber":42611828,"chainId":100,"contractAddress":"0x9C1dA9A04925bDfDedf0f6421bC7EEa8305F9002","disputeID":"632"}	{"appealPeriodEnd": "1760597255", "appealPeriodStart": "1760402855"}
{"blockNumber":42612202,"chainId":100,"contractAddress":"0x9C1dA9A04925bDfDedf0f6421bC7EEa8305F9002","disputeID":"638"}	{"appealPeriodEnd": "1760599135", "appealPeriodStart": "1760404735"}
{"blockNumber":42615620,"chainId":100,"contractAddress":"0x9C1dA9A04925bDfDedf0f6421bC7EEa8305F9002","disputeID":"634"}	{"appealPeriodEnd": "1760616575", "appealPeriodStart": "1760422175"}
{"blockNumber":42615741,"chainId":100,"contractAddress":"0x9C1dA9A04925bDfDedf0f6421bC7EEa8305F9002","disputeID":"636"}	{"appealPeriodEnd": "1760617200", "appealPeriodStart": "1760422800"}
{"blockNumber":42577893,"chainId":100,"contractAddress":"0x9C1dA9A04925bDfDedf0f6421bC7EEa8305F9002","disputeID":"631"}	{"appealPeriodEnd": "1760424865", "appealPeriodStart": "1760230465"}
{"blockNumber":42581266,"chainId":100,"contractAddress":"0x9C1dA9A04925bDfDedf0f6421bC7EEa8305F9002","disputeID":"628"}	{"appealPeriodEnd": "1760442010", "appealPeriodStart": "1760247610"}
{"blockNumber":42615504,"chainId":100,"contractAddress":"0x9C1dA9A04925bDfDedf0f6421bC7EEa8305F9002","disputeID":"633"}	{"appealPeriodEnd": "1760615975", "appealPeriodStart": "1760421575"}
